ts_code,symbol,exchange,name,fut_code,multiplier,trade_unit,per_unit,quote_unit,quote_unit_desc,d_month,list_date,delist_date,last_ddate
CJ2609.ZCE,CJ609,CZCE,红枣2609,CJ,,吨,5.0,人民币元/吨,5人民币元/吨,202609,2025-09-15,2026-09-14,20260917
FU2602.SHF,FU2602,SHFE,燃油2602,FU,,吨,10.0,人民币元/吨,1人民币元/吨,202602,2025-02-05,2026-01-30,20260203
UR2610.ZCE,UR610,CZCE,尿素2610,UR,,吨,20.0,人民币元/吨,1人民币元/吨,202610,2025-10-23,2026-10-21,20261026
FG2606.ZCE,FG606,CZCE,玻璃2606,FG,,吨,20.0,人民币元/吨,1人民币元/吨,202606,2025-06-17,2026-06-12,20260617
BU2611.SHF,BU2611,SHFE,沥青2611,BU,,吨,10.0,人民币元/吨,1人民币元/吨,202611,2025-11-18,2026-11-16,20261118
RU2611.SHF,RU2611,SHFE,橡胶2611,RU,,吨,10.0,人民币元/吨,5人民币元/吨,202611,2025-11-18,2026-11-16,20261118
EB2609.DCE,EB2609,DCE,苯乙烯2609,EB,,吨,5.0,人民币元/吨,1人民币元/吨,202609,2025-09-26,2026-09-24,20260930
SS2606.SHF,SS2606,SHFE,不锈钢2606,SS,,吨,5.0,人民币元/吨,5人民币元/吨,202606,2025-06-17,2026-06-15,20260617
RB2701.SHF,RB2701,SHFE,螺纹钢2701,RB,,吨,10.0,人民币元/吨,1人民币元/吨,202701,2026-01-16,2027-01-15,20270119
BU2701.SHF,BU2701,SHFE,沥青2701,BU,,吨,10.0,人民币元/吨,1人民币元/吨,202701,2026-01-16,2027-01-15,20270119
PL2701.ZCE,PL701,CZCE,丙烯2701,PL,,吨,20.0,人民币元/吨,1人民币元/吨,202701,2026-01-19,2027-01-14,20270119
SH2609.ZCE,SH609,CZCE,烧碱2609,SH,,吨,30.0,人民币元/吨,1人民币元/吨,202609,2025-09-15,2026-09-14,20260917
LC2602.GFE,LC2602,GFEX,碳酸锂2602,LC,,吨,1.0,人民币元/吨,20人民币元/吨,202602,2025-02-19,2026-02-13,20260226
FB2608.DCE,FB2608,DCE,纤维板2608,FB,,立方米,10.0,人民币元/立方米,0.5人民币元/立方米,202608,2025-08-15,2026-08-14,20260819
NI2604.SHF,NI2604,SHFE,沪镍2604,NI,,吨,1.0,人民币元/吨,10人民币元/吨,202604,2025-04-16,2026-04-15,20260417
LC2612.GFE,LC2612,GFEX,碳酸锂2612,LC,,吨,1.0,人民币元/吨,20人民币元/吨,202612,2025-12-15,2026-12-14,20261217
FU2609.SHF,FU2609,SHFE,燃油2609,FU,,吨,10.0,人民币元/吨,1人民币元/吨,202609,2025-09-01,2026-08-31,20260902
LU2609.INE,LU2609,INE,低硫燃料油2609,LU,,吨,10.0,人民币元/吨,1人民币元/吨,202609,2025-09-01,2026-08-31,20260907
SC2809.INE,SC2809,INE,原油2809,SC,,桶,1000.0,人民币元/桶,0.1人民币元/桶,202809,2025-09-01,2028-08-31,20280907
SP2612.SHF,SP2612,SHFE,纸浆2612,SP,,吨,10.0,人民币元/吨,2人民币元/吨,202612,2025-12-16,2026-12-15,20261217
RU2610.SHF,RU2610,SHFE,橡胶2610,RU,,吨,10.0,人民币元/吨,5人民币元/吨,202610,2025-10-16,2026-10-15,20261019
L2701.DCE,L2701,DCE,塑料2701,L,,吨,5.0,人民币元/吨,1人民币元/吨,202701,2026-01-19,2027-01-15,20270120
PB2607.SHF,PB2607,SHFE,沪铅2607,PB,,吨,5.0,人民币元/吨,5人民币元/吨,202607,2025-07-16,2026-07-15,20260717
EB2611.DCE,EB2611,DCE,苯乙烯2611,EB,,吨,5.0,人民币元/吨,1人民币元/吨,202611,2025-11-26,2026-11-25,20261130
EG2611.DCE,EG2611,DCE,乙二醇2611,EG,,吨,10.0,人民币元/吨,1人民币元/吨,202611,2025-11-26,2026-11-25,20261130
JD2611.DCE,JD2611,DCE,鸡蛋2611,JD,,吨,5.0,人民币元/500千克,1人民币元/500千克,202611,2025-11-26,2026-11-25,20261130
LG2611.DCE,LG2611,DCE,原木2611,LG,,立方米,90.0,人民币元/立方米,0.5人民币元/立方米,202611,2025-11-26,2026-11-25,20261130
LH2611.DCE,LH2611,DCE,生猪2611,LH,,吨,16.0,人民币元/吨,5人民币元/吨,202611,2025-11-26,2026-11-25,20261130
PG2611.DCE,PG2611,DCE,LPG2611,PG,,吨,20.0,人民币元/吨,1人民币元/吨,202611,2025-11-26,2026-11-25,20261130
LU2603.INE,LU2603,INE,低硫燃料油2603,LU,,吨,10.0,人民币元/吨,1人民币元/吨,202603,2025-03-03,2026-02-27,20260306
SH2610.ZCE,SH610,CZCE,烧碱2610,SH,,吨,30.0,人民币元/吨,1人民币元/吨,202610,2025-10-23,2026-10-21,20261026
AG2603.SHF,AG2603,SHFE,沪银2603,AG,,千克,15.0,人民币元/千克,1人民币元/千克,202603,2025-03-18,2026-03-16,20260318
JR2609.ZCE,JR609,CZCE,粳稻2609,JR,,吨,20.0,人民币元/吨,1人民币元/吨,202609,2025-09-15,2026-09-14,20260917
I2603.DCE,I2603,DCE,铁矿石2603,I,,吨,100.0,人民币元/吨,0.5人民币元/吨,202603,2025-03-17,2026-03-13,20260318
RB2605.SHF,RB2605,SHFE,螺纹钢2605,RB,,吨,10.0,人民币元/吨,1人民币元/吨,202605,2025-05-16,2026-05-15,20260519
B2605.DCE,B2605,DCE,豆二2605,B,,吨,10.0,人民币元/吨,1人民币元/吨,202605,2025-05-20,2026-05-19,20260522
SI2603.GFE,SI2603,GFEX,工业硅2603,SI,,吨,5.0,人民币元/吨,5人民币元/吨,202603,2025-03-17,2026-03-13,20260318
AU2612.SHF,AU2612,SHFE,沪金2612,AU,,克,1000.0,人民币元/克,0.02人民币元/克,202612,2025-11-18,2026-12-15,20261216
PG2610.DCE,PG2610,DCE,LPG2610,PG,,吨,20.0,人民币元/吨,1人民币元/吨,202610,2025-10-29,2026-10-27,20261030
BB2605.DCE,BB2605,DCE,胶合板2605,BB,,张,500.0,人民币元/张,0.05人民币元/张,202605,2025-05-20,2026-05-19,20260522
L2605F.DCE,L2605F,DCE,塑料月均价2605F,L_F,,吨,5.0,人民币元/吨,1人民币元/吨,202605,2025-11-03,2026-04-30,20260430
PP2605F.DCE,PP2605F,DCE,聚丙烯月均价2605F,PP_F,,吨,5.0,人民币元/吨,1人民币元/吨,202605,2025-11-03,2026-04-30,20260430
V2605F.DCE,V2605F,DCE,PVC月均价2605F,V_F,,吨,5.0,人民币元/吨,1人民币元/吨,202605,2025-11-03,2026-04-30,20260430
SS2701.SHF,SS2701,SHFE,不锈钢2701,SS,,吨,5.0,人民币元/吨,5人民币元/吨,202701,2026-01-16,2027-01-15,20270119
PF2609.ZCE,PF609,CZCE,短纤2609,PF,,吨,5.0,人民币元/吨,2人民币元/吨,202609,2025-09-15,2026-09-14,20260917
P2604.DCE,P2604,DCE,棕榈油2604,P,,吨,10.0,人民币元/吨,2人民币元/吨,202604,2025-04-16,2026-04-15,20260420
IF2609.CFX,IF2609,CFFEX,IF2609,IF,300.0,张,1.0,指数点,0.2指数点,202609,2026-01-19,2026-09-18,20260918
I2608.DCE,I2608,DCE,铁矿石2608,I,,吨,100.0,人民币元/吨,0.5人民币元/吨,202608,2025-08-15,2026-08-14,20260819
P2602.DCE,P2602,DCE,棕榈油2602,P,,吨,10.0,人民币元/吨,2人民币元/吨,202602,2025-02-19,2026-02-13,20260226
SI2701.GFE,SI2701,GFEX,工业硅2701,SI,,吨,5.0,人民币元/吨,5人民币元/吨,202701,2026-01-19,2027-01-15,20270120
EB2603.DCE,EB2603,DCE,苯乙烯2603,EB,,吨,5.0,人民币元/吨,1人民币元/吨,202603,2025-03-27,2026-03-26,20260331
SN2612.SHF,SN2612,SHFE,沪锡2612,SN,,吨,1.0,人民币元/吨,10人民币元/吨,202612,2025-12-16,2026-12-15,20261217
A2701.DCE,A2701,DCE,豆一2701,A,,吨,10.0,人民币元/吨,1人民币元/吨,202701,2026-01-19,2027-01-15,20270120
AU2610.SHF,AU2610,SHFE,沪金2610,AU,,克,1000.0,人民币元/克,0.02人民币元/克,202610,2025-09-16,2026-10-15,20261016
RM2609.ZCE,RM609,CZCE,菜粕2609,RM,,吨,10.0,人民币元/吨,1人民币元/吨,202609,2025-09-15,2026-09-14,20260917
PB2610.SHF,PB2610,SHFE,沪铅2610,PB,,吨,5.0,人民币元/吨,5人民币元/吨,202610,2025-10-16,2026-10-15,20261019
SF2608.ZCE,SF608,CZCE,硅铁2608,SF,,吨,5.0,人民币元/吨,2人民币元/吨,202608,2025-08-15,2026-08-14,20260819
SH2607.ZCE,SH607,CZCE,烧碱2607,SH,,吨,30.0,人民币元/吨,1人民币元/吨,202607,2025-07-15,2026-07-14,20260717
SC2602.INE,SC2602,INE,原油2602,SC,,桶,1000.0,人民币元/桶,0.1人民币元/桶,202602,2025-02-05,2026-01-30,20260206
SM2610.ZCE,SM610,CZCE,锰硅2610,SM,,吨,5.0,人民币元/吨,2人民币元/吨,202610,2025-10-23,2026-10-21,20261026
SC2611.INE,SC2611,INE,原油2611,SC,,桶,1000.0,人民币元/桶,0.1人民币元/桶,202611,2025-11-03,2026-10-30,20261106
SC2609.INE,SC2609,INE,原油2609,SC,,桶,1000.0,人民币元/桶,0.1人民币元/桶,202609,2023-09-01,2026-08-31,20260907
FU2603.SHF,FU2603,SHFE,燃油2603,FU,,吨,10.0,人民币元/吨,1人民币元/吨,202603,2025-03-03,2026-02-27,20260303
L2603.DCE,L2603,DCE,塑料2603,L,,吨,5.0,人民币元/吨,1人民币元/吨,202603,2025-03-17,2026-03-13,20260318
CY2609.ZCE,CY609,CZCE,棉纱2609,CY,,吨,5.0,人民币元/吨,5人民币元/吨,202609,2025-09-15,2026-09-14,20260917
CU2610.SHF,CU2610,SHFE,沪铜2610,CU,,吨,5.0,人民币元/吨,10人民币元/吨,202610,2025-10-16,2026-10-15,20261019
PM2701.ZCE,PM701,CZCE,普麦2701,PM,,吨,50.0,人民币元/吨,1人民币元/吨,202701,2026-01-19,2027-01-14,20270119
TA2701.ZCE,TA701,CZCE,PTA2701,TA,,吨,5.0,人民币元/吨,2人民币元/吨,202701,2026-01-19,2027-01-14,20270119
J2603.DCE,J2603,DCE,焦炭2603,J,,吨,100.0,人民币元/吨,0.5人民币元/吨,202603,2025-03-17,2026-03-13,20260318
MA2606.ZCE,MA606,CZCE,甲醇2606,MA,,吨,10.0,人民币元/吨,1人民币元/吨,202606,2025-06-17,2026-06-12,20260617
CU2602.SHF,CU2602,SHFE,沪铜2602,CU,,吨,5.0,人民币元/吨,10人民币元/吨,202602,2025-02-18,2026-02-24,20260226
JM2602.DCE,JM2602,DCE,焦煤2602,JM,,吨,60.0,人民币元/吨,0.5人民币元/吨,202602,2025-02-19,2026-02-13,20260226
J2605.DCE,J2605,DCE,焦炭2605,J,,吨,100.0,人民币元/吨,0.5人民币元/吨,202605,2025-05-20,2026-05-19,20260522
ZN2612.SHF,ZN2612,SHFE,沪锌2612,ZN,,吨,5.0,人民币元/吨,5人民币元/吨,202612,2025-12-16,2026-12-15,20261217
CF2609.ZCE,CF609,CZCE,郑棉2609,CF,,吨,5.0,人民币元/吨,5人民币元/吨,202609,2025-09-15,2026-09-14,20260917
LC2605.GFE,LC2605,GFEX,碳酸锂2605,LC,,吨,1.0,人民币元/吨,20人民币元/吨,202605,2025-05-20,2026-05-19,20260522
AP2604.ZCE,AP604,CZCE,苹果2604,AP,,吨,10.0,人民币元/吨,1人民币元/吨,202604,2025-04-16,2026-04-15,20260420
CY2604.ZCE,CY604,CZCE,棉纱2604,CY,,吨,5.0,人民币元/吨,5人民币元/吨,202604,2025-04-16,2026-04-15,20260420
FG2604.ZCE,FG604,CZCE,玻璃2604,FG,,吨,20.0,人民币元/吨,1人民币元/吨,202604,2025-04-16,2026-04-15,20260420
MA2604.ZCE,MA604,CZCE,甲醇2604,MA,,吨,10.0,人民币元/吨,1人民币元/吨,202604,2025-04-16,2026-04-15,20260420
PF2604.ZCE,PF604,CZCE,短纤2604,PF,,吨,5.0,人民币元/吨,2人民币元/吨,202604,2025-04-16,2026-04-15,20260420
PK2604.ZCE,PK604,CZCE,花生2604,PK,,吨,5.0,人民币元/吨,2人民币元/吨,202604,2025-04-16,2026-04-15,20260420
PR2604.ZCE,PR604,CZCE,瓶片2604,PR,,吨,15.0,人民币元/吨,2人民币元/吨,202604,2025-04-16,2026-04-15,20260420
PX2604.ZCE,PX604,CZCE,对二甲苯2604,PX,,吨,5.0,人民币元/吨,2人民币元/吨,202604,2025-04-16,2026-04-15,20260420
SA2604.ZCE,SA604,CZCE,纯碱2604,SA,,吨,20.0,人民币元/吨,1人民币元/吨,202604,2025-04-16,2026-04-15,20260420
SF2604.ZCE,SF604,CZCE,硅铁2604,SF,,吨,5.0,人民币元/吨,2人民币元/吨,202604,2025-04-16,2026-04-15,20260420
SH2604.ZCE,SH604,CZCE,烧碱2604,SH,,吨,30.0,人民币元/吨,1人民币元/吨,202604,2025-04-16,2026-04-15,20260420
SM2604.ZCE,SM604,CZCE,锰硅2604,SM,,吨,5.0,人民币元/吨,2人民币元/吨,202604,2025-04-16,2026-04-15,20260420
TA2604.ZCE,TA604,CZCE,PTA2604,TA,,吨,5.0,人民币元/吨,2人民币元/吨,202604,2025-04-16,2026-04-15,20260420
UR2604.ZCE,UR604,CZCE,尿素2604,UR,,吨,20.0,人民币元/吨,1人民币元/吨,202604,2025-04-16,2026-04-15,20260420
SS2605.SHF,SS2605,SHFE,不锈钢2605,SS,,吨,5.0,人民币元/吨,5人民币元/吨,202605,2025-05-16,2026-05-15,20260519
BU2612.SHF,BU2612,SHFE,沥青2612,BU,,吨,10.0,人民币元/吨,1人民币元/吨,202612,2024-12-17,2026-12-15,20261217
SN2701.SHF,SN2701,SHFE,沪锡2701,SN,,吨,1.0,人民币元/吨,10人民币元/吨,202701,2026-01-16,2027-01-15,20270119
EG2602.DCE,EG2602,DCE,乙二醇2602,EG,,吨,10.0,人民币元/吨,1人民币元/吨,202602,2025-02-26,2026-02-24,20260227
PK2612.ZCE,PK612,CZCE,花生2612,PK,,吨,5.0,人民币元/吨,2人民币元/吨,202612,2025-12-15,2026-12-14,20261217
RU2609.SHF,RU2609,SHFE,橡胶2609,RU,,吨,10.0,人民币元/吨,5人民币元/吨,202609,2025-09-16,2026-09-15,20260917
EB2604.DCE,EB2604,DCE,苯乙烯2604,EB,,吨,5.0,人民币元/吨,1人民币元/吨,202604,2025-04-28,2026-04-27,20260430
AL2606.SHF,AL2606,SHFE,沪铝2606,AL,,吨,5.0,人民币元/吨,5人民币元/吨,202606,2025-06-17,2026-06-15,20260617
RI2701.ZCE,RI701,CZCE,早籼稻2701,RI,,吨,20.0,人民币元/吨,1人民币元/吨,202701,2026-01-19,2027-01-14,20270119
SI2606.GFE,SI2606,GFEX,工业硅2606,SI,,吨,5.0,人民币元/吨,5人民币元/吨,202606,2025-06-17,2026-06-12,20260617
CY2701.ZCE,CY701,CZCE,棉纱2701,CY,,吨,5.0,人民币元/吨,5人民币元/吨,202701,2026-01-19,2027-01-14,20270119
TS2603.CFX,TS2603,CFFEX,TS2603,TS,20000.0,张,1.0,人民币元,0.002人民币元,202603,2025-06-16,2026-03-13,20260318
RU2608.SHF,RU2608,SHFE,橡胶2608,RU,,吨,10.0,人民币元/吨,5人民币元/吨,202608,2025-08-18,2026-08-17,20260819
RU2606.SHF,RU2606,SHFE,橡胶2606,RU,,吨,10.0,人民币元/吨,5人民币元/吨,202606,2025-06-17,2026-06-15,20260617
PR2607.ZCE,PR607,CZCE,瓶片2607,PR,,吨,15.0,人民币元/吨,2人民币元/吨,202607,2025-07-15,2026-07-14,20260717
NR2611.INE,NR2611,INE,20号胶2611,NR,,吨,10.0,人民币元/吨,5人民币元/吨,202611,2025-11-18,2026-11-16,20261123
SR2607.ZCE,SR607,CZCE,白糖2607,SR,,吨,10.0,人民币元/吨,1人民币元/吨,202607,2025-07-15,2026-07-14,20260717
RB2604.SHF,RB2604,SHFE,螺纹钢2604,RB,,吨,10.0,人民币元/吨,1人民币元/吨,202604,2025-04-16,2026-04-15,20260417
ZC2701.ZCE,ZC701,CZCE,动力煤2701,ZC,,吨,100.0,人民币元/吨,0.2人民币元/吨,202701,2026-01-12,2027-01-07,20270112
P2603.DCE,P2603,DCE,棕榈油2603,P,,吨,10.0,人民币元/吨,2人民币元/吨,202603,2025-03-17,2026-03-13,20260318
SI2602.GFE,SI2602,GFEX,工业硅2602,SI,,吨,5.0,人民币元/吨,5人民币元/吨,202602,2025-02-19,2026-02-13,20260226
NR2605.INE,NR2605,INE,20号胶2605,NR,,吨,10.0,人民币元/吨,5人民币元/吨,202605,2025-05-16,2026-05-15,20260522
LH2603.DCE,LH2603,DCE,生猪2603,LH,,吨,16.0,人民币元/吨,5人民币元/吨,202603,2025-03-27,2026-03-26,20260331
BB2603.DCE,BB2603,DCE,胶合板2603,BB,,张,500.0,人民币元/张,0.05人民币元/张,202603,2025-03-17,2026-03-13,20260318
NI2608.SHF,NI2608,SHFE,沪镍2608,NI,,吨,1.0,人民币元/吨,10人民币元/吨,202608,2025-08-18,2026-08-17,20260819
ZN2605.SHF,ZN2605,SHFE,沪锌2605,ZN,,吨,5.0,人民币元/吨,5人民币元/吨,202605,2025-05-16,2026-05-15,20260519
BU2605.SHF,BU2605,SHFE,沥青2605,BU,,吨,10.0,人民币元/吨,1人民币元/吨,202605,2025-05-16,2026-05-15,20260519
TA2609.ZCE,TA609,CZCE,PTA2609,TA,,吨,5.0,人民币元/吨,2人民币元/吨,202609,2025-09-15,2026-09-14,20260917
RB2603.SHF,RB2603,SHFE,螺纹钢2603,RB,,吨,10.0,人民币元/吨,1人民币元/吨,202603,2025-03-18,2026-03-16,20260318
SP2701.SHF,SP2701,SHFE,纸浆2701,SP,,吨,10.0,人民币元/吨,2人民币元/吨,202701,2026-01-16,2027-01-15,20270119
MA2609.ZCE,MA609,CZCE,甲醇2609,MA,,吨,10.0,人民币元/吨,1人民币元/吨,202609,2025-09-15,2026-09-14,20260917
SM2701.ZCE,SM701,CZCE,锰硅2701,SM,,吨,5.0,人民币元/吨,2人民币元/吨,202701,2026-01-19,2027-01-14,20270119
SC2709.INE,SC2709,INE,原油2709,SC,,桶,1000.0,人民币元/桶,0.1人民币元/桶,202709,2024-09-02,2027-08-31,20270907
PB2603.SHF,PB2603,SHFE,沪铅2603,PB,,吨,5.0,人民币元/吨,5人民币元/吨,202603,2025-03-18,2026-03-16,20260318
IC2606.CFX,IC2606,CFFEX,IC2606,IC,200.0,张,1.0,指数点,0.2指数点,202606,2025-10-20,2026-06-22,20260622
IF2606.CFX,IF2606,CFFEX,IF2606,IF,300.0,张,1.0,指数点,0.2指数点,202606,2025-10-20,2026-06-22,20260622
IH2606.CFX,IH2606,CFFEX,IH2606,IH,300.0,张,1.0,指数点,0.2指数点,202606,2025-10-20,2026-06-22,20260622
IM2606.CFX,IM2606,CFFEX,IM2606,IM,200.0,张,1.0,指数点,0.2指数点,202606,2025-10-20,2026-06-22,20260622
CU2607.SHF,CU2607,SHFE,沪铜2607,CU,,吨,5.0,人民币元/吨,10人民币元/吨,202607,2025-07-16,2026-07-15,20260717
RI2609.ZCE,RI609,CZCE,早籼稻2609,RI,,吨,20.0,人民币元/吨,1人民币元/吨,202609,2025-09-15,2026-09-14,20260917
LH2601.DCE,LH2601,DCE,生猪2601,LH,,吨,16.0,人民币元/吨,5人民币元/吨,202601,2025-01-23,2026-01-27,20260130
AO2607.SHF,AO2607,SHFE,氧化铝2607,AO,,吨,20.0,人民币元/吨,1人民币元/吨,202607,2025-07-16,2026-07-15,20260717
AG2607.SHF,AG2607,SHFE,沪银2607,AG,,千克,15.0,人民币元/千克,1人民币元/千克,202607,2025-07-16,2026-07-15,20260717
RB2612.SHF,RB2612,SHFE,螺纹钢2612,RB,,吨,10.0,人民币元/吨,1人民币元/吨,202612,2025-12-16,2026-12-15,20261217
I2701.DCE,I2701,DCE,铁矿石2701,I,,吨,100.0,人民币元/吨,0.5人民币元/吨,202701,2026-01-19,2027-01-15,20270120
SI2608.GFE,SI2608,GFEX,工业硅2608,SI,,吨,5.0,人民币元/吨,5人民币元/吨,202608,2025-08-15,2026-08-14,20260819
JD2609.DCE,JD2609,DCE,鸡蛋2609,JD,,吨,5.0,人民币元/500千克,1人民币元/500千克,202609,2025-09-26,2026-09-24,20260930
JM2701.DCE,JM2701,DCE,焦煤2701,JM,,吨,60.0,人民币元/吨,0.5人民币元/吨,202701,2026-01-19,2027-01-15,20270120
SI2604.GFE,SI2604,GFEX,工业硅2604,SI,,吨,5.0,人民币元/吨,5人民币元/吨,202604,2025-04-16,2026-04-15,20260420
BU2602.SHF,BU2602,SHFE,沥青2602,BU,,吨,10.0,人民币元/吨,1人民币元/吨,202602,2025-02-18,2026-02-24,20260226
J2608.DCE,J2608,DCE,焦炭2608,J,,吨,100.0,人民币元/吨,0.5人民币元/吨,202608,2025-08-15,2026-08-14,20260819
TF2609.CFX,TF2609,CFFEX,TF2609,TF,10000.0,张,1.0,人民币元,0.005人民币元,202609,2025-12-15,2026-09-11,20260916
PX2610.ZCE,PX610,CZCE,对二甲苯2610,PX,,吨,5.0,人民币元/吨,2人民币元/吨,202610,2025-10-23,2026-10-21,20261026
PL2610.ZCE,PL610,CZCE,丙烯2610,PL,,吨,20.0,人民币元/吨,1人民币元/吨,202610,2025-10-23,2026-10-21,20261026
FU2611.SHF,FU2611,SHFE,燃油2611,FU,,吨,10.0,人民币元/吨,1人民币元/吨,202611,2025-11-03,2026-10-30,20261103
ZN2603.SHF,ZN2603,SHFE,沪锌2603,ZN,,吨,5.0,人民币元/吨,5人民币元/吨,202603,2025-03-18,2026-03-16,20260318
SC2701.INE,SC2701,INE,原油2701,SC,,桶,1000.0,人民币元/桶,0.1人民币元/桶,202701,2026-01-05,2026-12-31,20270108
FU2612.SHF,FU2612,SHFE,燃油2612,FU,,吨,10.0,人民币元/吨,1人民币元/吨,202612,2025-12-01,2026-11-30,20261202
SS2611.SHF,SS2611,SHFE,不锈钢2611,SS,,吨,5.0,人民币元/吨,5人民币元/吨,202611,2025-11-18,2026-11-16,20261118
SN2608.SHF,SN2608,SHFE,沪锡2608,SN,,吨,1.0,人民币元/吨,10人民币元/吨,202608,2025-08-18,2026-08-17,20260819
BU2604.SHF,BU2604,SHFE,沥青2604,BU,,吨,10.0,人民币元/吨,1人民币元/吨,202604,2025-04-16,2026-04-15,20260417
JR2701.ZCE,JR701,CZCE,粳稻2701,JR,,吨,20.0,人民币元/吨,1人民币元/吨,202701,2026-01-19,2027-01-14,20270119
LG2603.DCE,LG2603,DCE,原木2603,LG,,立方米,90.0,人民币元/立方米,0.5人民币元/立方米,202603,2025-03-27,2026-03-26,20260331
AP2610.ZCE,AP610,CZCE,苹果2610,AP,,吨,10.0,人民币元/吨,1人民币元/吨,202610,2025-10-23,2026-10-21,20261026
BR2604.SHF,BR2604,SHFE,丁二烯橡胶2604,BR,,吨,5.0,人民币元/吨,5人民币元/吨,202604,2025-04-16,2026-04-15,20260417
NR2608.INE,NR2608,INE,20号胶2608,NR,,吨,10.0,人民币元/吨,5人民币元/吨,202608,2025-08-18,2026-08-17,20260824
ZC2605.ZCE,ZC605,CZCE,动力煤2605,ZC,,吨,100.0,人民币元/吨,0.2人民币元/吨,202605,2025-05-13,2026-05-12,20260515
SA2701.ZCE,SA701,CZCE,纯碱2701,SA,,吨,20.0,人民币元/吨,1人民币元/吨,202701,2026-01-19,2027-01-14,20270119
L2607F.DCE,L2607F,DCE,塑料月均价2607F,L_F,,吨,5.0,人民币元/吨,1人民币元/吨,202607,2026-01-05,2026-06-30,20260630
PP2607F.DCE,PP2607F,DCE,聚丙烯月均价2607F,PP_F,,吨,5.0,人民币元/吨,1人民币元/吨,202607,2026-01-05,2026-06-30,20260630
V2607F.DCE,V2607F,DCE,PVC月均价2607F,V_F,,吨,5.0,人民币元/吨,1人民币元/吨,202607,2026-01-05,2026-06-30,20260630
IF2602.CFX,IF2602,CFFEX,IF2602,IF,300.0,张,1.0,指数点,0.2指数点,202602,2025-12-22,2026-02-24,20260224
BC2604.INE,BC2604,INE,国际铜2604,BC,,吨,5.0,人民币元/吨,10人民币元/吨,202604,2025-04-16,2026-04-15,20260422
SC2606.INE,SC2606,INE,原油2606,SC,,桶,1000.0,人民币元/桶,0.1人民币元/桶,202606,2023-06-01,2026-05-29,20260605
FB2602.DCE,FB2602,DCE,纤维板2602,FB,,立方米,10.0,人民币元/立方米,0.5人民币元/立方米,202602,2025-02-19,2026-02-13,20260226
LU2612.INE,LU2612,INE,低硫燃料油2612,LU,,吨,10.0,人民币元/吨,1人民币元/吨,202612,2025-12-01,2026-11-30,20261207
SN2607.SHF,SN2607,SHFE,沪锡2607,SN,,吨,1.0,人民币元/吨,10人民币元/吨,202607,2025-07-16,2026-07-15,20260717
SC2706.INE,SC2706,INE,原油2706,SC,,桶,1000.0,人民币元/桶,0.1人民币元/桶,202706,2024-06-03,2027-05-31,20270607
L2606.DCE,L2606,DCE,塑料2606,L,,吨,5.0,人民币元/吨,1人民币元/吨,202606,2025-06-17,2026-06-12,20260617
CS2607.DCE,CS2607,DCE,玉米淀粉2607,CS,,吨,10.0,人民币元/吨,1人民币元/吨,202607,2025-07-15,2026-07-14,20260717
CU2611.SHF,CU2611,SHFE,沪铜2611,CU,,吨,5.0,人民币元/吨,10人民币元/吨,202611,2025-11-18,2026-11-16,20261118
NR2612.INE,NR2612,INE,20号胶2612,NR,,吨,10.0,人民币元/吨,5人民币元/吨,202612,2025-12-16,2026-12-15,20261222
FB2605.DCE,FB2605,DCE,纤维板2605,FB,,立方米,10.0,人民币元/立方米,0.5人民币元/立方米,202605,2025-05-20,2026-05-19,20260522
FU2605.SHF,FU2605,SHFE,燃油2605,FU,,吨,10.0,人民币元/吨,1人民币元/吨,202605,2025-05-06,2026-04-30,20260507
AG2606.SHF,AG2606,SHFE,沪银2606,AG,,千克,15.0,人民币元/千克,1人民币元/千克,202606,2025-06-17,2026-06-15,20260617
RM2608.ZCE,RM608,CZCE,菜粕2608,RM,,吨,10.0,人民币元/吨,1人民币元/吨,202608,2025-08-15,2026-08-14,20260819
LU2607.INE,LU2607,INE,低硫燃料油2607,LU,,吨,10.0,人民币元/吨,1人民币元/吨,202607,2025-07-01,2026-06-30,20260707
CU2603.SHF,CU2603,SHFE,沪铜2603,CU,,吨,5.0,人民币元/吨,10人民币元/吨,202603,2025-03-18,2026-03-16,20260318
AG2612.SHF,AG2612,SHFE,沪银2612,AG,,千克,15.0,人民币元/千克,1人民币元/千克,202612,2025-12-16,2026-12-15,20261217
CY2607.ZCE,CY607,CZCE,棉纱2607,CY,,吨,5.0,人民币元/吨,5人民币元/吨,202607,2025-07-15,2026-07-14,20260717
NI2602.SHF,NI2602,SHFE,沪镍2602,NI,,吨,1.0,人民币元/吨,10人民币元/吨,202602,2025-02-18,2026-02-24,20260226
PS2608.GFE,PS2608,GFEX,多晶硅2608,PS,,吨,3.0,人民币元/吨,5人民币元/吨,202608,2025-08-15,2026-08-14,20260819
RM2607.ZCE,RM607,CZCE,菜粕2607,RM,,吨,10.0,人民币元/吨,1人民币元/吨,202607,2025-07-15,2026-07-14,20260717
CU2608.SHF,CU2608,SHFE,沪铜2608,CU,,吨,5.0,人民币元/吨,10人民币元/吨,202608,2025-08-18,2026-08-17,20260819
FB2607.DCE,FB2607,DCE,纤维板2607,FB,,立方米,10.0,人民币元/立方米,0.5人民币元/立方米,202607,2025-07-15,2026-07-14,20260717
TF2603.CFX,TF2603,CFFEX,TF2603,TF,10000.0,张,1.0,人民币元,0.005人民币元,202603,2025-06-16,2026-03-13,20260318
SN2604.SHF,SN2604,SHFE,沪锡2604,SN,,吨,1.0,人民币元/吨,10人民币元/吨,202604,2025-04-16,2026-04-15,20260417
NI2701.SHF,NI2701,SHFE,沪镍2701,NI,,吨,1.0,人民币元/吨,10人民币元/吨,202701,2026-01-16,2027-01-15,20270119
AP2701.ZCE,AP701,CZCE,苹果2701,AP,,吨,10.0,人民币元/吨,1人民币元/吨,202701,2026-01-19,2027-01-14,20270119
JM2608.DCE,JM2608,DCE,焦煤2608,JM,,吨,60.0,人民币元/吨,0.5人民币元/吨,202608,2025-08-15,2026-08-14,20260819
PS2605.GFE,PS2605,GFEX,多晶硅2605,PS,,吨,3.0,人民币元/吨,5人民币元/吨,202605,2025-05-20,2026-05-19,20260522
CS2603.DCE,CS2603,DCE,玉米淀粉2603,CS,,吨,10.0,人民币元/吨,1人民币元/吨,202603,2025-03-17,2026-03-13,20260318
NI2609.SHF,NI2609,SHFE,沪镍2609,NI,,吨,1.0,人民币元/吨,10人民币元/吨,202609,2025-09-16,2026-09-15,20260917
SI2605.GFE,SI2605,GFEX,工业硅2605,SI,,吨,5.0,人民币元/吨,5人民币元/吨,202605,2025-05-20,2026-05-19,20260522
SP2606.SHF,SP2606,SHFE,纸浆2606,SP,,吨,10.0,人民币元/吨,2人民币元/吨,202606,2025-06-17,2026-06-15,20260617
PG2612.DCE,PG2612,DCE,LPG2612,PG,,吨,20.0,人民币元/吨,1人民币元/吨,202612,2025-12-29,2026-12-28,20261231
SN2605.SHF,SN2605,SHFE,沪锡2605,SN,,吨,1.0,人民币元/吨,10人民币元/吨,202605,2025-05-16,2026-05-15,20260519
SS2602.SHF,SS2602,SHFE,不锈钢2602,SS,,吨,5.0,人民币元/吨,5人民币元/吨,202602,2025-02-18,2026-02-24,20260226
PS2604.GFE,PS2604,GFEX,多晶硅2604,PS,,吨,3.0,人民币元/吨,5人民币元/吨,202604,2025-04-16,2026-04-15,20260420
B2610.DCE,B2610,DCE,豆二2610,B,,吨,10.0,人民币元/吨,1人民币元/吨,202610,2025-10-23,2026-10-21,20261026
FB2610.DCE,FB2610,DCE,纤维板2610,FB,,立方米,10.0,人民币元/立方米,0.5人民币元/立方米,202610,2025-10-23,2026-10-21,20261026
I2610.DCE,I2610,DCE,铁矿石2610,I,,吨,100.0,人民币元/吨,0.5人民币元/吨,202610,2025-10-23,2026-10-21,20261026
J2610.DCE,J2610,DCE,焦炭2610,J,,吨,100.0,人民币元/吨,0.5人民币元/吨,202610,2025-10-23,2026-10-21,20261026
JM2610.DCE,JM2610,DCE,焦煤2610,JM,,吨,60.0,人民币元/吨,0.5人民币元/吨,202610,2025-10-23,2026-10-21,20261026
L2610.DCE,L2610,DCE,塑料2610,L,,吨,5.0,人民币元/吨,1人民币元/吨,202610,2025-10-23,2026-10-21,20261026
P2610.DCE,P2610,DCE,棕榈油2610,P,,吨,10.0,人民币元/吨,2人民币元/吨,202610,2025-10-23,2026-10-21,20261026
PP2610.DCE,PP2610,DCE,聚丙烯2610,PP,,吨,5.0,人民币元/吨,1人民币元/吨,202610,2025-10-23,2026-10-21,20261026
RR2610.DCE,RR2610,DCE,粳米2610,RR,,吨,10.0,人民币元/吨,1人民币元/吨,202610,2025-10-23,2026-10-21,20261026
V2610.DCE,V2610,DCE,PVC2610,V,,吨,5.0,人民币元/吨,1人民币元/吨,202610,2025-10-23,2026-10-21,20261026
PP2608.DCE,PP2608,DCE,聚丙烯2608,PP,,吨,5.0,人民币元/吨,1人民币元/吨,202608,2025-08-15,2026-08-14,20260819
SM2607.ZCE,SM607,CZCE,锰硅2607,SM,,吨,5.0,人民币元/吨,2人民币元/吨,202607,2025-07-15,2026-07-14,20260717
AG2609.SHF,AG2609,SHFE,沪银2609,AG,,千克,15.0,人民币元/千克,1人民币元/千克,202609,2025-09-16,2026-09-15,20260917
CU2612.SHF,CU2612,SHFE,沪铜2612,CU,,吨,5.0,人民币元/吨,10人民币元/吨,202612,2025-12-16,2026-12-15,20261217
V2607.DCE,V2607,DCE,PVC2607,V,,吨,5.0,人民币元/吨,1人民币元/吨,202607,2025-07-15,2026-07-14,20260717
IM2603.CFX,IM2603,CFFEX,IM2603,IM,200.0,张,1.0,指数点,0.2指数点,202603,2025-07-21,2026-03-20,20260320
SC2608.INE,SC2608,INE,原油2608,SC,,桶,1000.0,人民币元/桶,0.1人民币元/桶,202608,2025-08-01,2026-07-31,20260807
BC2609.INE,BC2609,INE,国际铜2609,BC,,吨,5.0,人民币元/吨,10人民币元/吨,202609,2025-09-16,2026-09-15,20260922
IH2602.CFX,IH2602,CFFEX,IH2602,IH,300.0,张,1.0,指数点,0.2指数点,202602,2025-12-22,2026-02-24,20260224
J2602.DCE,J2602,DCE,焦炭2602,J,,吨,100.0,人民币元/吨,0.5人民币元/吨,202602,2025-02-19,2026-02-13,20260226
EB2605.DCE,EB2605,DCE,苯乙烯2605,EB,,吨,5.0,人民币元/吨,1人民币元/吨,202605,2025-05-28,2026-05-26,20260529
SA2612.ZCE,SA612,CZCE,纯碱2612,SA,,吨,20.0,人民币元/吨,1人民币元/吨,202612,2025-12-15,2026-12-14,20261217
LC2604.GFE,LC2604,GFEX,碳酸锂2604,LC,,吨,1.0,人民币元/吨,20人民币元/吨,202604,2025-04-16,2026-04-15,20260420
SC2806.INE,SC2806,INE,原油2806,SC,,桶,1000.0,人民币元/桶,0.1人民币元/桶,202806,2025-06-03,2028-05-31,20280607
NR2701.INE,NR2701,INE,20号胶2701,NR,,吨,10.0,人民币元/吨,5人民币元/吨,202701,2026-01-16,2027-01-15,20270122
EB2610.DCE,EB2610,DCE,苯乙烯2610,EB,,吨,5.0,人民币元/吨,1人民币元/吨,202610,2025-10-29,2026-10-27,20261030
OP2701.SHF,OP2701,SHFE,双胶纸2701,OP,,吨,40.0,人民币元/吨,2人民币元/吨,202701,2026-01-16,2027-01-15,20270119
B2606.DCE,B2606,DCE,豆二2606,B,,吨,10.0,人民币元/吨,1人民币元/吨,202606,2025-06-17,2026-06-12,20260617
SM2612.ZCE,SM612,CZCE,锰硅2612,SM,,吨,5.0,人民币元/吨,2人民币元/吨,202612,2025-12-15,2026-12-14,20261217
RB2610.SHF,RB2610,SHFE,螺纹钢2610,RB,,吨,10.0,人民币元/吨,1人民币元/吨,202610,2025-10-16,2026-10-15,20261019
AG2608.SHF,AG2608,SHFE,沪银2608,AG,,千克,15.0,人民币元/千克,1人民币元/千克,202608,2025-08-18,2026-08-17,20260819
JM2604.DCE,JM2604,DCE,焦煤2604,JM,,吨,60.0,人民币元/吨,0.5人民币元/吨,202604,2025-04-16,2026-04-15,20260420
SS2608.SHF,SS2608,SHFE,不锈钢2608,SS,,吨,5.0,人民币元/吨,5人民币元/吨,202608,2025-08-18,2026-08-17,20260819
SM2608.ZCE,SM608,CZCE,锰硅2608,SM,,吨,5.0,人民币元/吨,2人民币元/吨,202608,2025-08-15,2026-08-14,20260819
EC2602.INE,EC2602,INE,集运指数(欧线)2602,EC,50.0,张,1.0,指数点,0.1指数点,202602,2025-02-25,2026-02-09,20260209
BZ2610.DCE,BZ2610,DCE,纯苯2610,BZ,,吨,30.0,人民币元/吨,1人民币元/吨,202610,2025-10-29,2026-10-27,20261030
FU2608.SHF,FU2608,SHFE,燃油2608,FU,,吨,10.0,人民币元/吨,1人民币元/吨,202608,2025-08-01,2026-07-31,20260804
PL2608.ZCE,PL608,CZCE,丙烯2608,PL,,吨,20.0,人民币元/吨,1人民币元/吨,202608,2025-08-15,2026-08-14,20260819
EC2608.INE,EC2608,INE,集运指数(欧线)2608,EC,50.0,张,1.0,指数点,0.1指数点,202608,2025-08-26,2026-08-31,20260831
AD2611.SHF,AD2611,SHFE,铸造铝合金2611,AD,,吨,10.0,人民币元/吨,5人民币元/吨,202611,2025-11-18,2026-11-16,20261118
EG2606.DCE,EG2606,DCE,乙二醇2606,EG,,吨,10.0,人民币元/吨,1人民币元/吨,202606,2025-06-26,2026-06-25,20260630
PD2606.GFE,PD2606,GFEX,钯2606,PD,,克,1000.0,人民币元/克,0.05人民币元/克,202606,2025-11-27,2026-06-12,20260617
PD2608.GFE,PD2608,GFEX,钯2608,PD,,克,1000.0,人民币元/克,0.05人民币元/克,202608,2025-11-27,2026-08-14,20260819
PD2610.GFE,PD2610,GFEX,钯2610,PD,,克,1000.0,人民币元/克,0.05人民币元/克,202610,2025-11-27,2026-10-21,20261026
PT2606.GFE,PT2606,GFEX,铂2606,PT,,克,1000.0,人民币元/克,0.05人民币元/克,202606,2025-11-27,2026-06-12,20260617
PT2608.GFE,PT2608,GFEX,铂2608,PT,,克,1000.0,人民币元/克,0.05人民币元/克,202608,2025-11-27,2026-08-14,20260819
PT2610.GFE,PT2610,GFEX,铂2610,PT,,克,1000.0,人民币元/克,0.05人民币元/克,202610,2025-11-27,2026-10-21,20261026
EG2604.DCE,EG2604,DCE,乙二醇2604,EG,,吨,10.0,人民币元/吨,1人民币元/吨,202604,2025-04-28,2026-04-27,20260430
CU2609.SHF,CU2609,SHFE,沪铜2609,CU,,吨,5.0,人民币元/吨,10人民币元/吨,202609,2025-09-16,2026-09-15,20260917
PS2611.GFE,PS2611,GFEX,多晶硅2611,PS,,吨,3.0,人民币元/吨,5人民币元/吨,202611,2025-11-17,2026-11-13,20261118
LC2608.GFE,LC2608,GFEX,碳酸锂2608,LC,,吨,1.0,人民币元/吨,20人民币元/吨,202608,2025-08-15,2026-08-14,20260819
PR2606.ZCE,PR606,CZCE,瓶片2606,PR,,吨,15.0,人民币元/吨,2人民币元/吨,202606,2025-06-17,2026-06-12,20260617
I2602.DCE,I2602,DCE,铁矿石2602,I,,吨,100.0,人民币元/吨,0.5人民币元/吨,202602,2025-02-19,2026-02-13,20260226
AU2602.SHF,AU2602,SHFE,沪金2602,AU,,克,1000.0,人民币元/克,0.02人民币元/克,202602,2025-01-16,2026-02-24,20260225
HC2606.SHF,HC2606,SHFE,热轧卷板2606,HC,,吨,10.0,人民币元/吨,1人民币元/吨,202606,2025-06-17,2026-06-15,20260617
PG2609.DCE,PG2609,DCE,LPG2609,PG,,吨,20.0,人民币元/吨,1人民币元/吨,202609,2025-09-26,2026-09-24,20260930
J2606.DCE,J2606,DCE,焦炭2606,J,,吨,100.0,人民币元/吨,0.5人民币元/吨,202606,2025-06-17,2026-06-12,20260617
LH2609.DCE,LH2609,DCE,生猪2609,LH,,吨,16.0,人民币元/吨,5人民币元/吨,202609,2025-09-26,2026-09-24,20260930
PS2701.GFE,PS2701,GFEX,多晶硅2701,PS,,吨,3.0,人民币元/吨,5人民币元/吨,202701,2026-01-19,2027-01-15,20270120
PF2606.ZCE,PF606,CZCE,短纤2606,PF,,吨,5.0,人民币元/吨,2人民币元/吨,202606,2025-06-17,2026-06-12,20260617
SA2610.ZCE,SA610,CZCE,纯碱2610,SA,,吨,20.0,人民币元/吨,1人民币元/吨,202610,2025-10-23,2026-10-21,20261026
TA2607.ZCE,TA607,CZCE,PTA2607,TA,,吨,5.0,人民币元/吨,2人民币元/吨,202607,2025-07-15,2026-07-14,20260717
SC2703.INE,SC2703,INE,原油2703,SC,,桶,1000.0,人民币元/桶,0.1人民币元/桶,202703,2024-03-01,2027-02-26,20270305
J2604.DCE,J2604,DCE,焦炭2604,J,,吨,100.0,人民币元/吨,0.5人民币元/吨,202604,2025-04-16,2026-04-15,20260420
B2602.DCE,B2602,DCE,豆二2602,B,,吨,10.0,人民币元/吨,1人民币元/吨,202602,2025-02-19,2026-02-13,20260226
SS2603.SHF,SS2603,SHFE,不锈钢2603,SS,,吨,5.0,人民币元/吨,5人民币元/吨,202603,2025-03-18,2026-03-16,20260318
TA2608.ZCE,TA608,CZCE,PTA2608,TA,,吨,5.0,人民币元/吨,2人民币元/吨,202608,2025-08-15,2026-08-14,20260819
PF2610.ZCE,PF610,CZCE,短纤2610,PF,,吨,5.0,人民币元/吨,2人民币元/吨,202610,2025-10-23,2026-10-21,20261026
LU2604.INE,LU2604,INE,低硫燃料油2604,LU,,吨,10.0,人民币元/吨,1人民币元/吨,202604,2025-04-01,2026-03-31,20260408
SC2603.INE,SC2603,INE,原油2603,SC,,桶,1000.0,人民币元/桶,0.1人民币元/桶,202603,2023-03-01,2026-02-27,20260306
BR2610.SHF,BR2610,SHFE,丁二烯橡胶2610,BR,,吨,5.0,人民币元/吨,5人民币元/吨,202610,2025-10-16,2026-10-15,20261019
I2606.DCE,I2606,DCE,铁矿石2606,I,,吨,100.0,人民币元/吨,0.5人民币元/吨,202606,2025-06-17,2026-06-12,20260617
LU2701.INE,LU2701,INE,低硫燃料油2701,LU,,吨,10.0,人民币元/吨,1人民币元/吨,202701,2026-01-05,2026-12-31,20270108
EB2606.DCE,EB2606,DCE,苯乙烯2606,EB,,吨,5.0,人民币元/吨,1人民币元/吨,202606,2025-06-26,2026-06-25,20260630
TL2603.CFX,TL2603,CFFEX,TL2603,TL,10000.0,张,1.0,人民币元,0.01人民币元,202603,2025-06-16,2026-03-13,20260318
CU2605.SHF,CU2605,SHFE,沪铜2605,CU,,吨,5.0,人民币元/吨,10人民币元/吨,202605,2025-05-16,2026-05-15,20260519
M2603.DCE,M2603,DCE,豆粕2603,M,,吨,10.0,人民币元/吨,1人民币元/吨,202603,2025-03-17,2026-03-13,20260318
NI2611.SHF,NI2611,SHFE,沪镍2611,NI,,吨,1.0,人民币元/吨,10人民币元/吨,202611,2025-11-18,2026-11-16,20261118
EG2610.DCE,EG2610,DCE,乙二醇2610,EG,,吨,10.0,人民币元/吨,1人民币元/吨,202610,2025-10-29,2026-10-27,20261030
RU2607.SHF,RU2607,SHFE,橡胶2607,RU,,吨,10.0,人民币元/吨,5人民币元/吨,202607,2025-07-16,2026-07-15,20260717
PS2612.GFE,PS2612,GFEX,多晶硅2612,PS,,吨,3.0,人民币元/吨,5人民币元/吨,202612,2025-12-15,2026-12-14,20261217
ZC2606.ZCE,ZC606,CZCE,动力煤2606,ZC,,吨,100.0,人民币元/吨,0.2人民币元/吨,202606,2025-06-10,2026-06-05,20260610
AO2701.SHF,AO2701,SHFE,氧化铝2701,AO,,吨,20.0,人民币元/吨,1人民币元/吨,202701,2026-01-16,2027-01-15,20270119
C2605.DCE,C2605,DCE,玉米2605,C,,吨,10.0,人民币元/吨,1人民币元/吨,202605,2025-05-20,2026-05-19,20260522
AO2609.SHF,AO2609,SHFE,氧化铝2609,AO,,吨,20.0,人民币元/吨,1人民币元/吨,202609,2025-09-16,2026-09-15,20260917
UR2608.ZCE,UR608,CZCE,尿素2608,UR,,吨,20.0,人民币元/吨,1人民币元/吨,202608,2025-08-15,2026-08-14,20260819
JR2607.ZCE,JR607,CZCE,粳稻2607,JR,,吨,20.0,人民币元/吨,1人民币元/吨,202607,2025-07-15,2026-07-14,20260717
M2608.DCE,M2608,DCE,豆粕2608,M,,吨,10.0,人民币元/吨,1人民币元/吨,202608,2025-08-15,2026-08-14,20260819
SCTAS2603.INE,SC2603TAS,INE,原油2603TAS,SCTAS,,桶,1000.0,人民币元/桶,0.1人民币元/桶,202603,2025-11-03,2026-02-10,
LC2607.GFE,LC2607,GFEX,碳酸锂2607,LC,,吨,1.0,人民币元/吨,20人民币元/吨,202607,2025-07-15,2026-07-14,20260717
BZ2603.DCE,BZ2603,DCE,纯苯2603,BZ,,吨,30.0,人民币元/吨,1人民币元/吨,202603,2025-07-08,2026-03-26,20260331
ZN2604.SHF,ZN2604,SHFE,沪锌2604,ZN,,吨,5.0,人民币元/吨,5人民币元/吨,202604,2025-04-16,2026-04-15,20260417
AG2605.SHF,AG2605,SHFE,沪银2605,AG,,千克,15.0,人民币元/千克,1人民币元/千克,202605,2025-05-16,2026-05-15,20260519
HC2611.SHF,HC2611,SHFE,热轧卷板2611,HC,,吨,10.0,人民币元/吨,1人民币元/吨,202611,2025-11-18,2026-11-16,20261118
PS2610.GFE,PS2610,GFEX,多晶硅2610,PS,,吨,3.0,人民币元/吨,5人民币元/吨,202610,2025-10-23,2026-10-21,20261026
AL2612.SHF,AL2612,SHFE,沪铝2612,AL,,吨,5.0,人民币元/吨,5人民币元/吨,202612,2025-12-16,2026-12-15,20261217
HC2701.SHF,HC2701,SHFE,热轧卷板2701,HC,,吨,10.0,人民币元/吨,1人民币元/吨,202701,2026-01-16,2027-01-15,20270119
PD2612.GFE,PD2612,GFEX,钯2612,PD,,克,1000.0,人民币元/克,0.05人民币元/克,202612,2025-12-15,2026-12-14,20261217
PT2612.GFE,PT2612,GFEX,铂2612,PT,,克,1000.0,人民币元/克,0.05人民币元/克,202612,2025-12-15,2026-12-14,20261217
SA2607.ZCE,SA607,CZCE,纯碱2607,SA,,吨,20.0,人民币元/吨,1人民币元/吨,202607,2025-07-15,2026-07-14,20260717
IM2609.CFX,IM2609,CFFEX,IM2609,IM,200.0,张,1.0,指数点,0.2指数点,202609,2026-01-19,2026-09-18,20260918
CU2606.SHF,CU2606,SHFE,沪铜2606,CU,,吨,5.0,人民币元/吨,10人民币元/吨,202606,2025-06-17,2026-06-15,20260617
AG2611.SHF,AG2611,SHFE,沪银2611,AG,,千克,15.0,人民币元/千克,1人民币元/千克,202611,2025-11-18,2026-11-16,20261118
Y2701.DCE,Y2701,DCE,豆油2701,Y,,吨,10.0,人民币元/吨,2人民币元/吨,202701,2026-01-19,2027-01-15,20270120
SH2701.ZCE,SH701,CZCE,烧碱2701,SH,,吨,30.0,人民币元/吨,1人民币元/吨,202701,2026-01-19,2027-01-14,20270119
NR2609.INE,NR2609,INE,20号胶2609,NR,,吨,10.0,人民币元/吨,5人民币元/吨,202609,2025-09-16,2026-09-15,20260922
LG2607.DCE,LG2607,DCE,原木2607,LG,,立方米,90.0,人民币元/立方米,0.5人民币元/立方米,202607,2025-07-29,2026-07-28,20260731
LU2608.INE,LU2608,INE,低硫燃料油2608,LU,,吨,10.0,人民币元/吨,1人民币元/吨,202608,2025-08-01,2026-07-31,20260807
JD2602.DCE,JD2602,DCE,鸡蛋2602,JD,,吨,5.0,人民币元/500千克,1人民币元/500千克,202602,2025-02-26,2026-02-24,20260227
CF2607.ZCE,CF607,CZCE,郑棉2607,CF,,吨,5.0,人民币元/吨,5人民币元/吨,202607,2025-07-15,2026-07-14,20260717
RR2608.DCE,RR2608,DCE,粳米2608,RR,,吨,10.0,人民币元/吨,1人民币元/吨,202608,2025-08-15,2026-08-14,20260819
AO2605.SHF,AO2605,SHFE,氧化铝2605,AO,,吨,20.0,人民币元/吨,1人民币元/吨,202605,2025-05-16,2026-05-15,20260519
AO2603.SHF,AO2603,SHFE,氧化铝2603,AO,,吨,20.0,人民币元/吨,1人民币元/吨,202603,2025-03-18,2026-03-16,20260318
SP2609.SHF,SP2609,SHFE,纸浆2609,SP,,吨,10.0,人民币元/吨,2人民币元/吨,202609,2025-09-16,2026-09-15,20260917
LG2605.DCE,LG2605,DCE,原木2605,LG,,立方米,90.0,人民币元/立方米,0.5人民币元/立方米,202605,2025-05-28,2026-05-26,20260529
IF2603.CFX,IF2603,CFFEX,IF2603,IF,300.0,张,1.0,指数点,0.2指数点,202603,2025-07-21,2026-03-20,20260320
NR2602.INE,NR2602,INE,20号胶2602,NR,,吨,10.0,人民币元/吨,5人民币元/吨,202602,2025-02-18,2026-02-24,20260303
I2605.DCE,I2605,DCE,铁矿石2605,I,,吨,100.0,人民币元/吨,0.5人民币元/吨,202605,2025-05-20,2026-05-19,20260522
WR2604.SHF,WR2604,SHFE,线材2604,WR,,吨,10.0,人民币元/吨,1人民币元/吨,202604,2025-04-16,2026-04-15,20260417
AU2606.SHF,AU2606,SHFE,沪金2606,AU,,克,1000.0,人民币元/克,0.02人民币元/克,202606,2025-05-16,2026-06-15,20260616
PF2607.ZCE,PF607,CZCE,短纤2607,PF,,吨,5.0,人民币元/吨,2人民币元/吨,202607,2025-07-15,2026-07-14,20260717
BR2611.SHF,BR2611,SHFE,丁二烯橡胶2611,BR,,吨,5.0,人民币元/吨,5人民币元/吨,202611,2025-11-18,2026-11-16,20261118
ZC2603.ZCE,ZC603,CZCE,动力煤2603,ZC,,吨,100.0,人民币元/吨,0.2人民币元/吨,202603,2025-03-10,2026-03-06,20260311
SA2609.ZCE,SA609,CZCE,纯碱2609,SA,,吨,20.0,人民币元/吨,1人民币元/吨,202609,2025-09-15,2026-09-14,20260917
AL2609.SHF,AL2609,SHFE,沪铝2609,AL,,吨,5.0,人民币元/吨,5人民币元/吨,202609,2025-09-16,2026-09-15,20260917
RR2602.DCE,RR2602,DCE,粳米2602,RR,,吨,10.0,人民币元/吨,1人民币元/吨,202602,2025-02-19,2026-02-13,20260226
WR2602.SHF,WR2602,SHFE,线材2602,WR,,吨,10.0,人民币元/吨,1人民币元/吨,202602,2025-02-18,2026-02-24,20260226
I2607.DCE,I2607,DCE,铁矿石2607,I,,吨,100.0,人民币元/吨,0.5人民币元/吨,202607,2025-07-15,2026-07-14,20260717
FU2604.SHF,FU2604,SHFE,燃油2604,FU,,吨,10.0,人民币元/吨,1人民币元/吨,202604,2025-04-01,2026-03-31,20260402
SN2603.SHF,SN2603,SHFE,沪锡2603,SN,,吨,1.0,人民币元/吨,10人民币元/吨,202603,2025-03-18,2026-03-16,20260318
RB2606.SHF,RB2606,SHFE,螺纹钢2606,RB,,吨,10.0,人民币元/吨,1人民币元/吨,202606,2025-06-17,2026-06-15,20260617
P2701.DCE,P2701,DCE,棕榈油2701,P,,吨,10.0,人民币元/吨,2人民币元/吨,202701,2026-01-19,2027-01-15,20270120
SF2610.ZCE,SF610,CZCE,硅铁2610,SF,,吨,5.0,人民币元/吨,2人民币元/吨,202610,2025-10-23,2026-10-21,20261026
ZN2701.SHF,ZN2701,SHFE,沪锌2701,ZN,,吨,5.0,人民币元/吨,5人民币元/吨,202701,2026-01-16,2027-01-15,20270119
SI2611.GFE,SI2611,GFEX,工业硅2611,SI,,吨,5.0,人民币元/吨,5人民币元/吨,202611,2025-11-17,2026-11-13,20261118
ZN2607.SHF,ZN2607,SHFE,沪锌2607,ZN,,吨,5.0,人民币元/吨,5人民币元/吨,202607,2025-07-16,2026-07-15,20260717
SP2611.SHF,SP2611,SHFE,纸浆2611,SP,,吨,10.0,人民币元/吨,2人民币元/吨,202611,2025-11-18,2026-11-16,20261118
TS2609.CFX,TS2609,CFFEX,TS2609,TS,20000.0,张,1.0,人民币元,0.002人民币元,202609,2025-12-15,2026-09-11,20260916
L2602F.DCE,L2602F,DCE,塑料月均价2602F,L_F,,吨,5.0,人民币元/吨,1人民币元/吨,202602,2025-10-29,2026-01-30,20260130
L2603F.DCE,L2603F,DCE,塑料月均价2603F,L_F,,吨,5.0,人民币元/吨,1人民币元/吨,202603,2025-10-29,2026-02-27,20260227
L2604F.DCE,L2604F,DCE,塑料月均价2604F,L_F,,吨,5.0,人民币元/吨,1人民币元/吨,202604,2025-10-29,2026-03-31,20260331
V2602F.DCE,V2602F,DCE,PVC月均价2602F,V_F,,吨,5.0,人民币元/吨,1人民币元/吨,202602,2025-10-29,2026-01-30,20260130
V2603F.DCE,V2603F,DCE,PVC月均价2603F,V_F,,吨,5.0,人民币元/吨,1人民币元/吨,202603,2025-10-29,2026-02-27,20260227
V2604F.DCE,V2604F,DCE,PVC月均价2604F,V_F,,吨,5.0,人民币元/吨,1人民币元/吨,202604,2025-10-29,2026-03-31,20260331
PP2602F.DCE,PP2602F,DCE,聚丙烯月均价2602F,PP_F,,吨,5.0,人民币元/吨,1人民币元/吨,202602,2025-10-29,2026-01-30,20260130
PP2603F.DCE,PP2603F,DCE,聚丙烯月均价2603F,PP_F,,吨,5.0,人民币元/吨,1人民币元/吨,202603,2025-10-29,2026-02-27,20260227
PP2604F.DCE,PP2604F,DCE,聚丙烯月均价2604F,PP_F,,吨,5.0,人民币元/吨,1人民币元/吨,202604,2025-10-29,2026-03-31,20260331
PG2601.DCE,PG2601,DCE,LPG2601,PG,,吨,20.0,人民币元/吨,1人民币元/吨,202601,2025-01-23,2026-01-27,20260130
ZN2602.SHF,ZN2602,SHFE,沪锌2602,ZN,,吨,5.0,人民币元/吨,5人民币元/吨,202602,2025-02-18,2026-02-24,20260226
SS2607.SHF,SS2607,SHFE,不锈钢2607,SS,,吨,5.0,人民币元/吨,5人民币元/吨,202607,2025-07-16,2026-07-15,20260717
T2606.CFX,T2606,CFFEX,T2606,T,10000.0,张,1.0,人民币元,0.005人民币元,202606,2025-09-15,2026-06-12,20260617
TF2606.CFX,TF2606,CFFEX,TF2606,TF,10000.0,张,1.0,人民币元,0.005人民币元,202606,2025-09-15,2026-06-12,20260617
TL2606.CFX,TL2606,CFFEX,TL2606,TL,10000.0,张,1.0,人民币元,0.01人民币元,202606,2025-09-15,2026-06-12,20260617
TS2606.CFX,TS2606,CFFEX,TS2606,TS,20000.0,张,1.0,人民币元,0.002人民币元,202606,2025-09-15,2026-06-12,20260617
RB2602.SHF,RB2602,SHFE,螺纹钢2602,RB,,吨,10.0,人民币元/吨,1人民币元/吨,202602,2025-02-18,2026-02-24,20260226
NI2612.SHF,NI2612,SHFE,沪镍2612,NI,,吨,1.0,人民币元/吨,10人民币元/吨,202612,2025-12-16,2026-12-15,20261217
L2607.DCE,L2607,DCE,塑料2607,L,,吨,5.0,人民币元/吨,1人民币元/吨,202607,2025-07-15,2026-07-14,20260717
JD2605.DCE,JD2605,DCE,鸡蛋2605,JD,,吨,5.0,人民币元/500千克,1人民币元/500千克,202605,2025-05-28,2026-05-26,20260529
MA2610.ZCE,MA610,CZCE,甲醇2610,MA,,吨,10.0,人民币元/吨,1人民币元/吨,202610,2025-10-23,2026-10-21,20261026
BR2609.SHF,BR2609,SHFE,丁二烯橡胶2609,BR,,吨,5.0,人民币元/吨,5人民币元/吨,202609,2025-09-16,2026-09-15,20260917
FB2603.DCE,FB2603,DCE,纤维板2603,FB,,立方米,10.0,人民币元/立方米,0.5人民币元/立方米,202603,2025-03-17,2026-03-13,20260318
BR2603.SHF,BR2603,SHFE,丁二烯橡胶2603,BR,,吨,5.0,人民币元/吨,5人民币元/吨,202603,2025-03-18,2026-03-16,20260318
AL2701.SHF,AL2701,SHFE,沪铝2701,AL,,吨,5.0,人民币元/吨,5人民币元/吨,202701,2026-01-16,2027-01-15,20270119
AO2602.SHF,AO2602,SHFE,氧化铝2602,AO,,吨,20.0,人民币元/吨,1人民币元/吨,202602,2025-02-18,2026-02-24,20260226
PX2607.ZCE,PX607,CZCE,对二甲苯2607,PX,,吨,5.0,人民币元/吨,2人民币元/吨,202607,2025-07-15,2026-07-14,20260717
CJ2701.ZCE,CJ701,CZCE,红枣2701,CJ,,吨,5.0,人民币元/吨,5人民币元/吨,202701,2026-01-19,2027-01-14,20270119
FG2610.ZCE,FG610,CZCE,玻璃2610,FG,,吨,20.0,人民币元/吨,1人民币元/吨,202610,2025-10-23,2026-10-21,20261026
J2701.DCE,J2701,DCE,焦炭2701,J,,吨,100.0,人民币元/吨,0.5人民币元/吨,202701,2026-01-19,2027-01-15,20270120
AD2609.SHF,AD2609,SHFE,铸造铝合金2609,AD,,吨,10.0,人民币元/吨,5人民币元/吨,202609,2025-09-16,2026-09-15,20260917
PR2612.ZCE,PR612,CZCE,瓶片2612,PR,,吨,15.0,人民币元/吨,2人民币元/吨,202612,2025-12-15,2026-12-14,20261217
LC2603.GFE,LC2603,GFEX,碳酸锂2603,LC,,吨,1.0,人民币元/吨,20人民币元/吨,202603,2025-03-17,2026-03-13,20260318
FG2607.ZCE,FG607,CZCE,玻璃2607,FG,,吨,20.0,人民币元/吨,1人民币元/吨,202607,2025-07-15,2026-07-14,20260717
PS2603.GFE,PS2603,GFEX,多晶硅2603,PS,,吨,3.0,人民币元/吨,5人民币元/吨,202603,2025-03-17,2026-03-13,20260318
JD2612.DCE,JD2612,DCE,鸡蛋2612,JD,,吨,5.0,人民币元/500千克,1人民币元/500千克,202612,2025-12-29,2026-12-28,20261231
LG2601.DCE,LG2601,DCE,原木2601,LG,,立方米,90.0,人民币元/立方米,0.5人民币元/立方米,202601,2025-01-23,2026-01-27,20260130
BC2606.INE,BC2606,INE,国际铜2606,BC,,吨,5.0,人民币元/吨,10人民币元/吨,202606,2025-06-17,2026-06-15,20260623
SF2612.ZCE,SF612,CZCE,硅铁2612,SF,,吨,5.0,人民币元/吨,2人民币元/吨,202612,2025-12-15,2026-12-14,20261217
BU2709.SHF,BU2709,SHFE,沥青2709,BU,,吨,10.0,人民币元/吨,1人民币元/吨,202709,2025-09-16,2027-09-15,20270917
L2602.DCE,L2602,DCE,塑料2602,L,,吨,5.0,人民币元/吨,1人民币元/吨,202602,2025-02-19,2026-02-13,20260226
AG2701.SHF,AG2701,SHFE,沪银2701,AG,,千克,15.0,人民币元/千克,1人民币元/千克,202701,2026-01-16,2027-01-15,20270119
EC2610.INE,EC2610,INE,集运指数(欧线)2610,EC,50.0,张,1.0,指数点,0.1指数点,202610,2025-10-28,2026-10-26,20261026
PM2607.ZCE,PM607,CZCE,普麦2607,PM,,吨,50.0,人民币元/吨,1人民币元/吨,202607,2025-07-15,2026-07-14,20260717
FB2604.DCE,FB2604,DCE,纤维板2604,FB,,立方米,10.0,人民币元/立方米,0.5人民币元/立方米,202604,2025-04-16,2026-04-15,20260420
HC2607.SHF,HC2607,SHFE,热轧卷板2607,HC,,吨,10.0,人民币元/吨,1人民币元/吨,202607,2025-07-16,2026-07-15,20260717
V2604.DCE,V2604,DCE,PVC2604,V,,吨,5.0,人民币元/吨,1人民币元/吨,202604,2025-04-16,2026-04-15,20260420
A2607.DCE,A2607,DCE,豆一2607,A,,吨,10.0,人民币元/吨,1人民币元/吨,202607,2025-07-15,2026-07-14,20260717
V2605.DCE,V2605,DCE,PVC2605,V,,吨,5.0,人民币元/吨,1人民币元/吨,202605,2025-05-20,2026-05-19,20260522
BC2610.INE,BC2610,INE,国际铜2610,BC,,吨,5.0,人民币元/吨,10人民币元/吨,202610,2025-10-16,2026-10-15,20261022
SP2604.SHF,SP2604,SHFE,纸浆2604,SP,,吨,10.0,人民币元/吨,2人民币元/吨,202604,2025-04-16,2026-04-15,20260417
RR2604.DCE,RR2604,DCE,粳米2604,RR,,吨,10.0,人民币元/吨,1人民币元/吨,202604,2025-04-16,2026-04-15,20260420
EB2601.DCE,EB2601,DCE,苯乙烯2601,EB,,吨,5.0,人民币元/吨,1人民币元/吨,202601,2025-01-23,2026-01-27,20260130
BZ2608.DCE,BZ2608,DCE,纯苯2608,BZ,,吨,30.0,人民币元/吨,1人民币元/吨,202608,2025-08-27,2026-08-26,20260831
ZC2612.ZCE,ZC612,CZCE,动力煤2612,ZC,,吨,100.0,人民币元/吨,0.2人民币元/吨,202612,2025-12-08,2026-12-07,20261210
JM2603.DCE,JM2603,DCE,焦煤2603,JM,,吨,60.0,人民币元/吨,0.5人民币元/吨,202603,2025-03-17,2026-03-13,20260318
IH2609.CFX,IH2609,CFFEX,IH2609,IH,300.0,张,1.0,指数点,0.2指数点,202609,2026-01-19,2026-09-18,20260918
SH2606.ZCE,SH606,CZCE,烧碱2606,SH,,吨,30.0,人民币元/吨,1人民币元/吨,202606,2025-06-17,2026-06-12,20260617
SN2609.SHF,SN2609,SHFE,沪锡2609,SN,,吨,1.0,人民币元/吨,10人民币元/吨,202609,2025-09-16,2026-09-15,20260917
FG2609.ZCE,FG609,CZCE,玻璃2609,FG,,吨,20.0,人民币元/吨,1人民币元/吨,202609,2025-09-15,2026-09-14,20260917
JD2601.DCE,JD2601,DCE,鸡蛋2601,JD,,吨,5.0,人民币元/500千克,1人民币元/500千克,202601,2025-01-23,2026-01-27,20260130
SF2607.ZCE,SF607,CZCE,硅铁2607,SF,,吨,5.0,人民币元/吨,2人民币元/吨,202607,2025-07-15,2026-07-14,20260717
EG2612.DCE,EG2612,DCE,乙二醇2612,EG,,吨,10.0,人民币元/吨,1人民币元/吨,202612,2025-12-29,2026-12-28,20261231
LC2606.GFE,LC2606,GFEX,碳酸锂2606,LC,,吨,1.0,人民币元/吨,20人民币元/吨,202606,2025-06-17,2026-06-12,20260617
UR2701.ZCE,UR701,CZCE,尿素2701,UR,,吨,20.0,人民币元/吨,1人民币元/吨,202701,2026-01-19,2027-01-14,20270119
A2609.DCE,A2609,DCE,豆一2609,A,,吨,10.0,人民币元/吨,1人民币元/吨,202609,2025-09-15,2026-09-14,20260917
B2609.DCE,B2609,DCE,豆二2609,B,,吨,10.0,人民币元/吨,1人民币元/吨,202609,2025-09-15,2026-09-14,20260917
BB2609.DCE,BB2609,DCE,胶合板2609,BB,,张,500.0,人民币元/张,0.05人民币元/张,202609,2025-09-15,2026-09-14,20260917
C2609.DCE,C2609,DCE,玉米2609,C,,吨,10.0,人民币元/吨,1人民币元/吨,202609,2025-09-15,2026-09-14,20260917
CS2609.DCE,CS2609,DCE,玉米淀粉2609,CS,,吨,10.0,人民币元/吨,1人民币元/吨,202609,2025-09-15,2026-09-14,20260917
FB2609.DCE,FB2609,DCE,纤维板2609,FB,,立方米,10.0,人民币元/立方米,0.5人民币元/立方米,202609,2025-09-15,2026-09-14,20260917
I2609.DCE,I2609,DCE,铁矿石2609,I,,吨,100.0,人民币元/吨,0.5人民币元/吨,202609,2025-09-15,2026-09-14,20260917
J2609.DCE,J2609,DCE,焦炭2609,J,,吨,100.0,人民币元/吨,0.5人民币元/吨,202609,2025-09-15,2026-09-14,20260917
JM2609.DCE,JM2609,DCE,焦煤2609,JM,,吨,60.0,人民币元/吨,0.5人民币元/吨,202609,2025-09-15,2026-09-14,20260917
L2609.DCE,L2609,DCE,塑料2609,L,,吨,5.0,人民币元/吨,1人民币元/吨,202609,2025-09-15,2026-09-14,20260917
M2609.DCE,M2609,DCE,豆粕2609,M,,吨,10.0,人民币元/吨,1人民币元/吨,202609,2025-09-15,2026-09-14,20260917
P2609.DCE,P2609,DCE,棕榈油2609,P,,吨,10.0,人民币元/吨,2人民币元/吨,202609,2025-09-15,2026-09-14,20260917
PP2609.DCE,PP2609,DCE,聚丙烯2609,PP,,吨,5.0,人民币元/吨,1人民币元/吨,202609,2025-09-15,2026-09-14,20260917
RR2609.DCE,RR2609,DCE,粳米2609,RR,,吨,10.0,人民币元/吨,1人民币元/吨,202609,2025-09-15,2026-09-14,20260917
V2609.DCE,V2609,DCE,PVC2609,V,,吨,5.0,人民币元/吨,1人民币元/吨,202609,2025-09-15,2026-09-14,20260917
Y2609.DCE,Y2609,DCE,豆油2609,Y,,吨,10.0,人民币元/吨,2人民币元/吨,202609,2025-09-15,2026-09-14,20260917
AD2608.SHF,AD2608,SHFE,铸造铝合金2608,AD,,吨,10.0,人民币元/吨,5人民币元/吨,202608,2025-08-18,2026-08-17,20260819
PR2610.ZCE,PR610,CZCE,瓶片2610,PR,,吨,15.0,人民币元/吨,2人民币元/吨,202610,2025-10-23,2026-10-21,20261026
SC2612.INE,SC2612,INE,原油2612,SC,,桶,1000.0,人民币元/桶,0.1人民币元/桶,202612,2023-12-01,2026-11-30,20261207
AD2612.SHF,AD2612,SHFE,铸造铝合金2612,AD,,吨,10.0,人民币元/吨,5人民币元/吨,202612,2025-12-16,2026-12-15,20261217
SC2607.INE,SC2607,INE,原油2607,SC,,桶,1000.0,人民币元/桶,0.1人民币元/桶,202607,2025-07-01,2026-06-30,20260707
B2701.DCE,B2701,DCE,豆二2701,B,,吨,10.0,人民币元/吨,1人民币元/吨,202701,2026-01-19,2027-01-15,20270120
SI2607.GFE,SI2607,GFEX,工业硅2607,SI,,吨,5.0,人民币元/吨,5人民币元/吨,202607,2025-07-15,2026-07-14,20260717
AL2611.SHF,AL2611,SHFE,沪铝2611,AL,,吨,5.0,人民币元/吨,5人民币元/吨,202611,2025-11-18,2026-11-16,20261118
OI2607.ZCE,OI607,CZCE,菜油2607,OI,,吨,10.0,人民币元/吨,1人民币元/吨,202607,2025-07-15,2026-07-14,20260717
Y2608.DCE,Y2608,DCE,豆油2608,Y,,吨,10.0,人民币元/吨,2人民币元/吨,202608,2025-08-15,2026-08-14,20260819
EG2601.DCE,EG2601,DCE,乙二醇2601,EG,,吨,10.0,人民币元/吨,1人民币元/吨,202601,2025-01-23,2026-01-27,20260130
BC2605.INE,BC2605,INE,国际铜2605,BC,,吨,5.0,人民币元/吨,10人民币元/吨,202605,2025-05-16,2026-05-15,20260522
SF2609.ZCE,SF609,CZCE,硅铁2609,SF,,吨,5.0,人民币元/吨,2人民币元/吨,202609,2025-09-15,2026-09-14,20260917
BR2701.SHF,BR2701,SHFE,丁二烯橡胶2701,BR,,吨,5.0,人民币元/吨,5人民币元/吨,202701,2026-01-16,2027-01-15,20270119
LU2610.INE,LU2610,INE,低硫燃料油2610,LU,,吨,10.0,人民币元/吨,1人民币元/吨,202610,2025-10-09,2026-09-30,20261014
NI2606.SHF,NI2606,SHFE,沪镍2606,NI,,吨,1.0,人民币元/吨,10人民币元/吨,202606,2025-06-17,2026-06-15,20260617
EG2609.DCE,EG2609,DCE,乙二醇2609,EG,,吨,10.0,人民币元/吨,1人民币元/吨,202609,2025-09-26,2026-09-24,20260930
WR2701.SHF,WR2701,SHFE,线材2701,WR,,吨,10.0,人民币元/吨,1人民币元/吨,202701,2026-01-16,2027-01-15,20270119
BU2607.SHF,BU2607,SHFE,沥青2607,BU,,吨,10.0,人民币元/吨,1人民币元/吨,202607,2025-07-16,2026-07-15,20260717
RR2607.DCE,RR2607,DCE,粳米2607,RR,,吨,10.0,人民币元/吨,1人民币元/吨,202607,2025-07-15,2026-07-14,20260717
PF2701.ZCE,PF701,CZCE,短纤2701,PF,,吨,5.0,人民币元/吨,2人民币元/吨,202701,2026-01-19,2027-01-14,20270119
JD2610.DCE,JD2610,DCE,鸡蛋2610,JD,,吨,5.0,人民币元/500千克,1人民币元/500千克,202610,2025-10-29,2026-10-27,20261030
BC2607.INE,BC2607,INE,国际铜2607,BC,,吨,5.0,人民币元/吨,10人民币元/吨,202607,2025-07-16,2026-07-15,20260722
SN2611.SHF,SN2611,SHFE,沪锡2611,SN,,吨,1.0,人民币元/吨,10人民币元/吨,202611,2025-11-18,2026-11-16,20261118
C2603.DCE,C2603,DCE,玉米2603,C,,吨,10.0,人民币元/吨,1人民币元/吨,202603,2025-03-17,2026-03-13,20260318
EB2607.DCE,EB2607,DCE,苯乙烯2607,EB,,吨,5.0,人民币元/吨,1人民币元/吨,202607,2025-07-29,2026-07-28,20260731
Y2603.DCE,Y2603,DCE,豆油2603,Y,,吨,10.0,人民币元/吨,2人民币元/吨,202603,2025-03-17,2026-03-13,20260318
PR2701.ZCE,PR701,CZCE,瓶片2701,PR,,吨,15.0,人民币元/吨,2人民币元/吨,202701,2026-01-19,2027-01-14,20270119
BB2701.DCE,BB2701,DCE,胶合板2701,BB,,张,500.0,人民币元/张,0.05人民币元/张,202701,2026-01-19,2027-01-15,20270120
ZC2610.ZCE,ZC610,CZCE,动力煤2610,ZC,,吨,100.0,人民币元/吨,0.2人民币元/吨,202610,2025-10-16,2026-10-14,20261019
PX2612.ZCE,PX612,CZCE,对二甲苯2612,PX,,吨,5.0,人民币元/吨,2人民币元/吨,202612,2025-12-15,2026-12-14,20261217
FG2608.ZCE,FG608,CZCE,玻璃2608,FG,,吨,20.0,人民币元/吨,1人民币元/吨,202608,2025-08-15,2026-08-14,20260819
IM2602.CFX,IM2602,CFFEX,IM2602,IM,200.0,张,1.0,指数点,0.2指数点,202602,2025-12-22,2026-02-24,20260224
B2603.DCE,B2603,DCE,豆二2603,B,,吨,10.0,人民币元/吨,1人民币元/吨,202603,2025-03-17,2026-03-13,20260318
CU2604.SHF,CU2604,SHFE,沪铜2604,CU,,吨,5.0,人民币元/吨,10人民币元/吨,202604,2025-04-16,2026-04-15,20260417
CS2701.DCE,CS2701,DCE,玉米淀粉2701,CS,,吨,10.0,人民币元/吨,1人民币元/吨,202701,2026-01-19,2027-01-15,20270120
TA2612.ZCE,TA612,CZCE,PTA2612,TA,,吨,5.0,人民币元/吨,2人民币元/吨,202612,2025-12-15,2026-12-14,20261217
JM2606.DCE,JM2606,DCE,焦煤2606,JM,,吨,60.0,人民币元/吨,0.5人民币元/吨,202606,2025-06-17,2026-06-12,20260617
BZ2609.DCE,BZ2609,DCE,纯苯2609,BZ,,吨,30.0,人民币元/吨,1人民币元/吨,202609,2025-09-26,2026-09-24,20260930
CJ2607.ZCE,CJ607,CZCE,红枣2607,CJ,,吨,5.0,人民币元/吨,5人民币元/吨,202607,2025-07-15,2026-07-14,20260717
AL2607.SHF,AL2607,SHFE,沪铝2607,AL,,吨,5.0,人民币元/吨,5人民币元/吨,202607,2025-07-16,2026-07-15,20260717
NR2610.INE,NR2610,INE,20号胶2610,NR,,吨,10.0,人民币元/吨,5人民币元/吨,202610,2025-10-16,2026-10-15,20261022
PP2701.DCE,PP2701,DCE,聚丙烯2701,PP,,吨,5.0,人民币元/吨,1人民币元/吨,202701,2026-01-19,2027-01-15,20270120
I2604.DCE,I2604,DCE,铁矿石2604,I,,吨,100.0,人民币元/吨,0.5人民币元/吨,202604,2025-04-16,2026-04-15,20260420
AP2612.ZCE,AP612,CZCE,苹果2612,AP,,吨,10.0,人民币元/吨,1人民币元/吨,202612,2025-12-15,2026-12-14,20261217
LC2609.GFE,LC2609,GFEX,碳酸锂2609,LC,,吨,1.0,人民币元/吨,20人民币元/吨,202609,2025-09-15,2026-09-14,20260917
MA2608.ZCE,MA608,CZCE,甲醇2608,MA,,吨,10.0,人民币元/吨,1人民币元/吨,202608,2025-08-15,2026-08-14,20260819
EC2612.INE,EC2612,INE,集运指数(欧线)2612,EC,50.0,张,1.0,指数点,0.1指数点,202612,2025-12-30,2026-12-28,20261228
SP2607.SHF,SP2607,SHFE,纸浆2607,SP,,吨,10.0,人民币元/吨,2人民币元/吨,202607,2025-07-16,2026-07-15,20260717
B2607.DCE,B2607,DCE,豆二2607,B,,吨,10.0,人民币元/吨,1人民币元/吨,202607,2025-07-15,2026-07-14,20260717
PX2701.ZCE,PX701,CZCE,对二甲苯2701,PX,,吨,5.0,人民币元/吨,2人民币元/吨,202701,2026-01-19,2027-01-14,20270119
PB2602.SHF,PB2602,SHFE,沪铅2602,PB,,吨,5.0,人民币元/吨,5人民币元/吨,202602,2025-02-18,2026-02-24,20260226
WH2701.ZCE,WH701,CZCE,强麦2701,WH,,吨,20.0,人民币元/吨,1人民币元/吨,202701,2026-01-19,2027-01-14,20270220
SC2712.INE,SC2712,INE,原油2712,SC,,桶,1000.0,人民币元/桶,0.1人民币元/桶,202712,2024-12-02,2027-11-30,20271207
UR2609.ZCE,UR609,CZCE,尿素2609,UR,,吨,20.0,人民币元/吨,1人民币元/吨,202609,2025-09-15,2026-09-14,20260917
CU2701.SHF,CU2701,SHFE,沪铜2701,CU,,吨,5.0,人民币元/吨,10人民币元/吨,202701,2026-01-16,2027-01-15,20270119
AD2701.SHF,AD2701,SHFE,铸造铝合金2701,AD,,吨,10.0,人民币元/吨,5人民币元/吨,202701,2026-01-16,2027-01-15,20270119
BU2712.SHF,BU2712,SHFE,沥青2712,BU,,吨,10.0,人民币元/吨,1人民币元/吨,202712,2025-12-16,2027-12-15,20271217
PG2606.DCE,PG2606,DCE,LPG2606,PG,,吨,20.0,人民币元/吨,1人民币元/吨,202606,2025-06-26,2026-06-25,20260630
CY2612.ZCE,CY612,CZCE,棉纱2612,CY,,吨,5.0,人民币元/吨,5人民币元/吨,202612,2025-12-15,2026-12-14,20261217
SA2606.ZCE,SA606,CZCE,纯碱2606,SA,,吨,20.0,人民币元/吨,1人民币元/吨,202606,2025-06-17,2026-06-12,20260617
P2608.DCE,P2608,DCE,棕榈油2608,P,,吨,10.0,人民币元/吨,2人民币元/吨,202608,2025-08-15,2026-08-14,20260819
HC2603.SHF,HC2603,SHFE,热轧卷板2603,HC,,吨,10.0,人民币元/吨,1人民币元/吨,202603,2025-03-18,2026-03-16,20260318
SA2608.ZCE,SA608,CZCE,纯碱2608,SA,,吨,20.0,人民币元/吨,1人民币元/吨,202608,2025-08-15,2026-08-14,20260819
SR2701.ZCE,SR701,CZCE,白糖2701,SR,,吨,10.0,人民币元/吨,1人民币元/吨,202701,2026-01-19,2027-01-14,20270119
L2605.DCE,L2605,DCE,塑料2605,L,,吨,5.0,人民币元/吨,1人民币元/吨,202605,2025-05-20,2026-05-19,20260522
HC2605.SHF,HC2605,SHFE,热轧卷板2605,HC,,吨,10.0,人民币元/吨,1人民币元/吨,202605,2025-05-16,2026-05-15,20260519
AU2603.SHF,AU2603,SHFE,沪金2603,AU,,克,1000.0,人民币元/克,0.02人民币元/克,202603,2025-12-16,2026-03-16,20260317
AO2611.SHF,AO2611,SHFE,氧化铝2611,AO,,吨,20.0,人民币元/吨,1人民币元/吨,202611,2025-11-18,2026-11-16,20261118
PG2603.DCE,PG2603,DCE,LPG2603,PG,,吨,20.0,人民币元/吨,1人民币元/吨,202603,2025-03-27,2026-03-26,20260331
FU2610.SHF,FU2610,SHFE,燃油2610,FU,,吨,10.0,人民币元/吨,1人民币元/吨,202610,2025-10-09,2026-09-30,20261009
PP2606.DCE,PP2606,DCE,聚丙烯2606,PP,,吨,5.0,人民币元/吨,1人民币元/吨,202606,2025-06-17,2026-06-12,20260617
HC2609.SHF,HC2609,SHFE,热轧卷板2609,HC,,吨,10.0,人民币元/吨,1人民币元/吨,202609,2025-09-16,2026-09-15,20260917
A2605.DCE,A2605,DCE,豆一2605,A,,吨,10.0,人民币元/吨,1人民币元/吨,202605,2025-05-20,2026-05-19,20260522
T2603.CFX,T2603,CFFEX,T2603,T,10000.0,张,1.0,人民币元,0.005人民币元,202603,2025-06-16,2026-03-13,20260318
LU2611.INE,LU2611,INE,低硫燃料油2611,LU,,吨,10.0,人民币元/吨,1人民币元/吨,202611,2025-11-03,2026-10-30,20261106
T2609.CFX,T2609,CFFEX,T2609,T,10000.0,张,1.0,人民币元,0.005人民币元,202609,2025-12-15,2026-09-11,20260916
AL2602.SHF,AL2602,SHFE,沪铝2602,AL,,吨,5.0,人民币元/吨,5人民币元/吨,202602,2025-02-18,2026-02-24,20260226
L2604.DCE,L2604,DCE,塑料2604,L,,吨,5.0,人民币元/吨,1人民币元/吨,202604,2025-04-16,2026-04-15,20260420
RU2603.SHF,RU2603,SHFE,橡胶2603,RU,,吨,10.0,人民币元/吨,5人民币元/吨,202603,2025-03-18,2026-03-16,20260318
SR2609.ZCE,SR609,CZCE,白糖2609,SR,,吨,10.0,人民币元/吨,1人民币元/吨,202609,2025-09-15,2026-09-14,20260917
AU2604.SHF,AU2604,SHFE,沪金2604,AU,,克,1000.0,人民币元/克,0.02人民币元/克,202604,2025-03-18,2026-04-15,20260416
PP2602.DCE,PP2602,DCE,聚丙烯2602,PP,,吨,5.0,人民币元/吨,1人民币元/吨,202602,2025-02-19,2026-02-13,20260226
BZ2607.DCE,BZ2607,DCE,纯苯2607,BZ,,吨,30.0,人民币元/吨,1人民币元/吨,202607,2025-07-29,2026-07-28,20260731
RI2607.ZCE,RI607,CZCE,早籼稻2607,RI,,吨,20.0,人民币元/吨,1人民币元/吨,202607,2025-07-15,2026-07-14,20260717
SH2612.ZCE,SH612,CZCE,烧碱2612,SH,,吨,30.0,人民币元/吨,1人民币元/吨,202612,2025-12-15,2026-12-14,20261217
SCTAS2604.INE,SC2604TAS,INE,原油2604TAS,SCTAS,,桶,1000.0,人民币元/桶,0.1人民币元/桶,202604,2025-12-01,2026-03-19,
EB2608.DCE,EB2608,DCE,苯乙烯2608,EB,,吨,5.0,人民币元/吨,1人民币元/吨,202608,2025-08-27,2026-08-26,20260831
EG2608.DCE,EG2608,DCE,乙二醇2608,EG,,吨,10.0,人民币元/吨,1人民币元/吨,202608,2025-08-27,2026-08-26,20260831
JD2608.DCE,JD2608,DCE,鸡蛋2608,JD,,吨,5.0,人民币元/500千克,1人民币元/500千克,202608,2025-08-27,2026-08-26,20260831
PG2608.DCE,PG2608,DCE,LPG2608,PG,,吨,20.0,人民币元/吨,1人民币元/吨,202608,2025-08-27,2026-08-26,20260831
SC2812.INE,SC2812,INE,原油2812,SC,,桶,1000.0,人民币元/桶,0.1人民币元/桶,202812,2025-12-01,2028-11-30,20281207
AL2604.SHF,AL2604,SHFE,沪铝2604,AL,,吨,5.0,人民币元/吨,5人民币元/吨,202604,2025-04-16,2026-04-15,20260417
JD2606.DCE,JD2606,DCE,鸡蛋2606,JD,,吨,5.0,人民币元/500千克,1人民币元/500千克,202606,2025-06-26,2026-06-25,20260630
PP2607.DCE,PP2607,DCE,聚丙烯2607,PP,,吨,5.0,人民币元/吨,1人民币元/吨,202607,2025-07-15,2026-07-14,20260717
BZ2612.DCE,BZ2612,DCE,纯苯2612,BZ,,吨,30.0,人民币元/吨,1人民币元/吨,202612,2025-12-29,2026-12-28,20261231
Y2605.DCE,Y2605,DCE,豆油2605,Y,,吨,10.0,人民币元/吨,2人民币元/吨,202605,2025-05-20,2026-05-19,20260522
PB2701.SHF,PB2701,SHFE,沪铅2701,PB,,吨,5.0,人民币元/吨,5人民币元/吨,202701,2026-01-16,2027-01-15,20270119
ZN2611.SHF,ZN2611,SHFE,沪锌2611,ZN,,吨,5.0,人民币元/吨,5人民币元/吨,202611,2025-11-18,2026-11-16,20261118
BU2603.SHF,BU2603,SHFE,沥青2603,BU,,吨,10.0,人民币元/吨,1人民币元/吨,202603,2024-03-18,2026-03-16,20260318
PG2604.DCE,PG2604,DCE,LPG2604,PG,,吨,20.0,人民币元/吨,1人民币元/吨,202604,2025-04-28,2026-04-27,20260430
WH2609.ZCE,WH609,CZCE,强麦2609,WH,,吨,20.0,人民币元/吨,1人民币元/吨,202609,2025-09-15,2026-09-14,20261020
SP2603.SHF,SP2603,SHFE,纸浆2603,SP,,吨,10.0,人民币元/吨,2人民币元/吨,202603,2025-03-18,2026-03-16,20260318
AL2610.SHF,AL2610,SHFE,沪铝2610,AL,,吨,5.0,人民币元/吨,5人民币元/吨,202610,2025-10-16,2026-10-15,20261019
NI2610.SHF,NI2610,SHFE,沪镍2610,NI,,吨,1.0,人民币元/吨,10人民币元/吨,202610,2025-10-16,2026-10-15,20261019
MA2701.ZCE,MA701,CZCE,甲醇2701,MA,,吨,10.0,人民币元/吨,1人民币元/吨,202701,2026-01-19,2027-01-14,20270119
NI2603.SHF,NI2603,SHFE,沪镍2603,NI,,吨,1.0,人民币元/吨,10人民币元/吨,202603,2025-03-18,2026-03-16,20260318
AU2702.SHF,AU2702,SHFE,沪金2702,AU,,克,1000.0,人民币元/克,0.02人民币元/克,202702,2026-01-16,2027-02-15,20270216
ZC2604.ZCE,ZC604,CZCE,动力煤2604,ZC,,吨,100.0,人民币元/吨,0.2人民币元/吨,202604,2025-04-09,2026-04-08,20260413
EG2607.DCE,EG2607,DCE,乙二醇2607,EG,,吨,10.0,人民币元/吨,1人民币元/吨,202607,2025-07-29,2026-07-28,20260731
AL2605.SHF,AL2605,SHFE,沪铝2605,AL,,吨,5.0,人民币元/吨,5人民币元/吨,202605,2025-05-16,2026-05-15,20260519
BU2608.SHF,BU2608,SHFE,沥青2608,BU,,吨,10.0,人民币元/吨,1人民币元/吨,202608,2025-08-18,2026-08-17,20260819
LC2611.GFE,LC2611,GFEX,碳酸锂2611,LC,,吨,1.0,人民币元/吨,20人民币元/吨,202611,2025-11-17,2026-11-13,20261118
BZ2611.DCE,BZ2611,DCE,纯苯2611,BZ,,吨,30.0,人民币元/吨,1人民币元/吨,202611,2025-11-26,2026-11-25,20261130
BR2602.SHF,BR2602,SHFE,丁二烯橡胶2602,BR,,吨,5.0,人民币元/吨,5人民币元/吨,202602,2025-02-18,2026-02-24,20260226
OP2611.SHF,OP2611,SHFE,双胶纸2611,OP,,吨,40.0,人民币元/吨,2人民币元/吨,202611,2025-11-18,2026-11-16,20261118
EC2606.INE,EC2606,INE,集运指数(欧线)2606,EC,50.0,张,1.0,指数点,0.1指数点,202606,2025-07-01,2026-06-29,20260629
FU2607.SHF,FU2607,SHFE,燃油2607,FU,,吨,10.0,人民币元/吨,1人民币元/吨,202607,2025-07-01,2026-06-30,20260702
AD2602.SHF,AD2602,SHFE,铸造铝合金2602,AD,,吨,10.0,人民币元/吨,5人民币元/吨,202602,2025-06-10,2026-02-24,20260226
AD2603.SHF,AD2603,SHFE,铸造铝合金2603,AD,,吨,10.0,人民币元/吨,5人民币元/吨,202603,2025-06-10,2026-03-16,20260318
AD2604.SHF,AD2604,SHFE,铸造铝合金2604,AD,,吨,10.0,人民币元/吨,5人民币元/吨,202604,2025-06-10,2026-04-15,20260417
OI2701.ZCE,OI701,CZCE,菜油2701,OI,,吨,10.0,人民币元/吨,1人民币元/吨,202701,2026-01-19,2027-01-14,20270119
EG2605.DCE,EG2605,DCE,乙二醇2605,EG,,吨,10.0,人民币元/吨,1人民币元/吨,202605,2025-05-28,2026-05-26,20260529
OP2609.SHF,OP2609,SHFE,双胶纸2609,OP,,吨,40.0,人民币元/吨,2人民币元/吨,202609,2025-09-16,2026-09-15,20260917
SS2610.SHF,SS2610,SHFE,不锈钢2610,SS,,吨,5.0,人民币元/吨,5人民币元/吨,202610,2025-10-16,2026-10-15,20261019
ZC2609.ZCE,ZC609,CZCE,动力煤2609,ZC,,吨,100.0,人民币元/吨,0.2人民币元/吨,202609,2025-09-08,2026-09-07,20260910
PX2606.ZCE,PX606,CZCE,对二甲苯2606,PX,,吨,5.0,人民币元/吨,2人民币元/吨,202606,2025-06-17,2026-06-12,20260617
PX2608.ZCE,PX608,CZCE,对二甲苯2608,PX,,吨,5.0,人民币元/吨,2人民币元/吨,202608,2025-08-15,2026-08-14,20260819
SF2606.ZCE,SF606,CZCE,硅铁2606,SF,,吨,5.0,人民币元/吨,2人民币元/吨,202606,2025-06-17,2026-06-12,20260617
ZN2606.SHF,ZN2606,SHFE,沪锌2606,ZN,,吨,5.0,人民币元/吨,5人民币元/吨,202606,2025-06-17,2026-06-15,20260617
AD2610.SHF,AD2610,SHFE,铸造铝合金2610,AD,,吨,10.0,人民币元/吨,5人民币元/吨,202610,2025-10-16,2026-10-15,20261019
PK2701.ZCE,PK701,CZCE,花生2701,PK,,吨,5.0,人民币元/吨,2人民币元/吨,202701,2026-01-19,2027-01-14,20270119
WR2607.SHF,WR2607,SHFE,线材2607,WR,,吨,10.0,人民币元/吨,1人民币元/吨,202607,2025-07-16,2026-07-15,20260717
AD2605.SHF,AD2605,SHFE,铸造铝合金2605,AD,,吨,10.0,人民币元/吨,5人民币元/吨,202605,2025-06-10,2026-05-15,20260519
V2606.DCE,V2606,DCE,PVC2606,V,,吨,5.0,人民币元/吨,1人民币元/吨,202606,2025-06-17,2026-06-12,20260617
PB2611.SHF,PB2611,SHFE,沪铅2611,PB,,吨,5.0,人民币元/吨,5人民币元/吨,202611,2025-11-18,2026-11-16,20261118
BU2606.SHF,BU2606,SHFE,沥青2606,BU,,吨,10.0,人民币元/吨,1人民币元/吨,202606,2024-06-18,2026-06-15,20260617
A2603.DCE,A2603,DCE,豆一2603,A,,吨,10.0,人民币元/吨,1人民币元/吨,202603,2025-03-17,2026-03-13,20260318
NR2607.INE,NR2607,INE,20号胶2607,NR,,吨,10.0,人民币元/吨,5人民币元/吨,202607,2025-07-16,2026-07-15,20260722
BR2606.SHF,BR2606,SHFE,丁二烯橡胶2606,BR,,吨,5.0,人民币元/吨,5人民币元/吨,202606,2025-06-17,2026-06-15,20260617
AG2602.SHF,AG2602,SHFE,沪银2602,AG,,千克,15.0,人民币元/千克,1人民币元/千克,202602,2025-02-18,2026-02-24,20260226
AO2610.SHF,AO2610,SHFE,氧化铝2610,AO,,吨,20.0,人民币元/吨,1人民币元/吨,202610,2025-10-16,2026-10-15,20261019
B2608.DCE,B2608,DCE,豆二2608,B,,吨,10.0,人民币元/吨,1人民币元/吨,202608,2025-08-15,2026-08-14,20260819
JD2607.DCE,JD2607,DCE,鸡蛋2607,JD,,吨,5.0,人民币元/500千克,1人民币元/500千克,202607,2025-07-29,2026-07-28,20260731
BC2701.INE,BC2701,INE,国际铜2701,BC,,吨,5.0,人民币元/吨,10人民币元/吨,202701,2026-01-16,2027-01-15,20270122
ZN2610.SHF,ZN2610,SHFE,沪锌2610,ZN,,吨,5.0,人民币元/吨,5人民币元/吨,202610,2025-10-16,2026-10-15,20261019
SF2701.ZCE,SF701,CZCE,硅铁2701,SF,,吨,5.0,人民币元/吨,2人民币元/吨,202701,2026-01-19,2027-01-14,20270119
V2701.DCE,V2701,DCE,PVC2701,V,,吨,5.0,人民币元/吨,1人民币元/吨,202701,2026-01-19,2027-01-15,20270120
PK2610.ZCE,PK610,CZCE,花生2610,PK,,吨,5.0,人民币元/吨,2人民币元/吨,202610,2025-10-23,2026-10-21,20261026
BC2603.INE,BC2603,INE,国际铜2603,BC,,吨,5.0,人民币元/吨,10人民币元/吨,202603,2025-03-18,2026-03-16,20260323
AL2608.SHF,AL2608,SHFE,沪铝2608,AL,,吨,5.0,人民币元/吨,5人民币元/吨,202608,2025-08-18,2026-08-17,20260819
RU2604.SHF,RU2604,SHFE,橡胶2604,RU,,吨,10.0,人民币元/吨,5人民币元/吨,202604,2025-04-16,2026-04-15,20260417
L2608.DCE,L2608,DCE,塑料2608,L,,吨,5.0,人民币元/吨,1人民币元/吨,202608,2025-08-15,2026-08-14,20260819
SC2803.INE,SC2803,INE,原油2803,SC,,桶,1000.0,人民币元/桶,0.1人民币元/桶,202803,2025-03-03,2028-02-29,20280307
BR2607.SHF,BR2607,SHFE,丁二烯橡胶2607,BR,,吨,5.0,人民币元/吨,5人民币元/吨,202607,2025-07-16,2026-07-15,20260717
ZN2609.SHF,ZN2609,SHFE,沪锌2609,ZN,,吨,5.0,人民币元/吨,5人民币元/吨,202609,2025-09-16,2026-09-15,20260917
AO2612.SHF,AO2612,SHFE,氧化铝2612,AO,,吨,20.0,人民币元/吨,1人民币元/吨,202612,2025-12-16,2026-12-15,20261217
AL2603.SHF,AL2603,SHFE,沪铝2603,AL,,吨,5.0,人民币元/吨,5人民币元/吨,202603,2025-03-18,2026-03-16,20260318
M2605.DCE,M2605,DCE,豆粕2605,M,,吨,10.0,人民币元/吨,1人民币元/吨,202605,2025-05-20,2026-05-19,20260522
AP2603.ZCE,AP603,CZCE,苹果2603,AP,,吨,10.0,人民币元/吨,1人民币元/吨,202603,2025-03-17,2026-03-13,20260318
CF2603.ZCE,CF603,CZCE,郑棉2603,CF,,吨,5.0,人民币元/吨,5人民币元/吨,202603,2025-03-17,2026-03-13,20260318
CJ2603.ZCE,CJ603,CZCE,红枣2603,CJ,,吨,5.0,人民币元/吨,5人民币元/吨,202603,2025-03-17,2026-03-13,20260318
CY2603.ZCE,CY603,CZCE,棉纱2603,CY,,吨,5.0,人民币元/吨,5人民币元/吨,202603,2025-03-17,2026-03-13,20260318
FG2603.ZCE,FG603,CZCE,玻璃2603,FG,,吨,20.0,人民币元/吨,1人民币元/吨,202603,2025-03-17,2026-03-13,20260318
JR2603.ZCE,JR603,CZCE,粳稻2603,JR,,吨,20.0,人民币元/吨,1人民币元/吨,202603,2025-03-17,2026-03-13,20260318
MA2603.ZCE,MA603,CZCE,甲醇2603,MA,,吨,10.0,人民币元/吨,1人民币元/吨,202603,2025-03-17,2026-03-13,20260318
OI2603.ZCE,OI603,CZCE,菜油2603,OI,,吨,10.0,人民币元/吨,1人民币元/吨,202603,2025-03-17,2026-03-13,20260318
PF2603.ZCE,PF603,CZCE,短纤2603,PF,,吨,5.0,人民币元/吨,2人民币元/吨,202603,2025-03-17,2026-03-13,20260318
PK2603.ZCE,PK603,CZCE,花生2603,PK,,吨,5.0,人民币元/吨,2人民币元/吨,202603,2025-03-17,2026-03-13,20260318
PM2603.ZCE,PM603,CZCE,普麦2603,PM,,吨,50.0,人民币元/吨,1人民币元/吨,202603,2025-03-17,2026-03-13,20260318
PR2603.ZCE,PR603,CZCE,瓶片2603,PR,,吨,15.0,人民币元/吨,2人民币元/吨,202603,2025-03-17,2026-03-13,20260318
PX2603.ZCE,PX603,CZCE,对二甲苯2603,PX,,吨,5.0,人民币元/吨,2人民币元/吨,202603,2025-03-17,2026-03-13,20260318
RI2603.ZCE,RI603,CZCE,早籼稻2603,RI,,吨,20.0,人民币元/吨,1人民币元/吨,202603,2025-03-17,2026-03-13,20260318
RM2603.ZCE,RM603,CZCE,菜粕2603,RM,,吨,10.0,人民币元/吨,1人民币元/吨,202603,2025-03-17,2026-03-13,20260318
SA2603.ZCE,SA603,CZCE,纯碱2603,SA,,吨,20.0,人民币元/吨,1人民币元/吨,202603,2025-03-17,2026-03-13,20260318
SF2603.ZCE,SF603,CZCE,硅铁2603,SF,,吨,5.0,人民币元/吨,2人民币元/吨,202603,2025-03-17,2026-03-13,20260318
SH2603.ZCE,SH603,CZCE,烧碱2603,SH,,吨,30.0,人民币元/吨,1人民币元/吨,202603,2025-03-17,2026-03-13,20260318
SM2603.ZCE,SM603,CZCE,锰硅2603,SM,,吨,5.0,人民币元/吨,2人民币元/吨,202603,2025-03-17,2026-03-13,20260318
SR2603.ZCE,SR603,CZCE,白糖2603,SR,,吨,10.0,人民币元/吨,1人民币元/吨,202603,2025-03-17,2026-03-13,20260318
TA2603.ZCE,TA603,CZCE,PTA2603,TA,,吨,5.0,人民币元/吨,2人民币元/吨,202603,2025-03-17,2026-03-13,20260318
UR2603.ZCE,UR603,CZCE,尿素2603,UR,,吨,20.0,人民币元/吨,1人民币元/吨,202603,2025-03-17,2026-03-13,20260318
WH2603.ZCE,WH603,CZCE,强麦2603,WH,,吨,20.0,人民币元/吨,1人民币元/吨,202603,2025-03-17,2026-03-13,20260420
C2701.DCE,C2701,DCE,玉米2701,C,,吨,10.0,人民币元/吨,1人民币元/吨,202701,2026-01-19,2027-01-15,20270120
SC2605.INE,SC2605,INE,原油2605,SC,,桶,1000.0,人民币元/桶,0.1人民币元/桶,202605,2025-05-06,2026-04-30,20260512
B2612.DCE,B2612,DCE,豆二2612,B,,吨,10.0,人民币元/吨,1人民币元/吨,202612,2025-12-15,2026-12-14,20261217
FB2612.DCE,FB2612,DCE,纤维板2612,FB,,立方米,10.0,人民币元/立方米,0.5人民币元/立方米,202612,2025-12-15,2026-12-14,20261217
I2612.DCE,I2612,DCE,铁矿石2612,I,,吨,100.0,人民币元/吨,0.5人民币元/吨,202612,2025-12-15,2026-12-14,20261217
J2612.DCE,J2612,DCE,焦炭2612,J,,吨,100.0,人民币元/吨,0.5人民币元/吨,202612,2025-12-15,2026-12-14,20261217
JM2612.DCE,JM2612,DCE,焦煤2612,JM,,吨,60.0,人民币元/吨,0.5人民币元/吨,202612,2025-12-15,2026-12-14,20261217
L2612.DCE,L2612,DCE,塑料2612,L,,吨,5.0,人民币元/吨,1人民币元/吨,202612,2025-12-15,2026-12-14,20261217
M2612.DCE,M2612,DCE,豆粕2612,M,,吨,10.0,人民币元/吨,1人民币元/吨,202612,2025-12-15,2026-12-14,20261217
P2612.DCE,P2612,DCE,棕榈油2612,P,,吨,10.0,人民币元/吨,2人民币元/吨,202612,2025-12-15,2026-12-14,20261217
PP2612.DCE,PP2612,DCE,聚丙烯2612,PP,,吨,5.0,人民币元/吨,1人民币元/吨,202612,2025-12-15,2026-12-14,20261217
RR2612.DCE,RR2612,DCE,粳米2612,RR,,吨,10.0,人民币元/吨,1人民币元/吨,202612,2025-12-15,2026-12-14,20261217
V2612.DCE,V2612,DCE,PVC2612,V,,吨,5.0,人民币元/吨,1人民币元/吨,202612,2025-12-15,2026-12-14,20261217
Y2612.DCE,Y2612,DCE,豆油2612,Y,,吨,10.0,人民币元/吨,2人民币元/吨,202612,2025-12-15,2026-12-14,20261217
PB2605.SHF,PB2605,SHFE,沪铅2605,PB,,吨,5.0,人民币元/吨,5人民币元/吨,202605,2025-05-16,2026-05-15,20260519
LG2609.DCE,LG2609,DCE,原木2609,LG,,立方米,90.0,人民币元/立方米,0.5人民币元/立方米,202609,2025-09-26,2026-09-24,20260930
PB2604.SHF,PB2604,SHFE,沪铅2604,PB,,吨,5.0,人民币元/吨,5人民币元/吨,202604,2025-04-16,2026-04-15,20260417
NR2606.INE,NR2606,INE,20号胶2606,NR,,吨,10.0,人民币元/吨,5人民币元/吨,202606,2025-06-17,2026-06-15,20260623
BU2610.SHF,BU2610,SHFE,沥青2610,BU,,吨,10.0,人民币元/吨,1人民币元/吨,202610,2025-10-16,2026-10-15,20261019
SM2606.ZCE,SM606,CZCE,锰硅2606,SM,,吨,5.0,人民币元/吨,2人民币元/吨,202606,2025-06-17,2026-06-12,20260617
CY2602.ZCE,CY602,CZCE,棉纱2602,CY,,吨,5.0,人民币元/吨,5人民币元/吨,202602,2025-02-19,2026-02-13,20260226
FG2602.ZCE,FG602,CZCE,玻璃2602,FG,,吨,20.0,人民币元/吨,1人民币元/吨,202602,2025-02-19,2026-02-13,20260226
MA2602.ZCE,MA602,CZCE,甲醇2602,MA,,吨,10.0,人民币元/吨,1人民币元/吨,202602,2025-02-19,2026-02-13,20260226
PF2602.ZCE,PF602,CZCE,短纤2602,PF,,吨,5.0,人民币元/吨,2人民币元/吨,202602,2025-02-19,2026-02-13,20260226
PR2602.ZCE,PR602,CZCE,瓶片2602,PR,,吨,15.0,人民币元/吨,2人民币元/吨,202602,2025-02-19,2026-02-13,20260226
PX2602.ZCE,PX602,CZCE,对二甲苯2602,PX,,吨,5.0,人民币元/吨,2人民币元/吨,202602,2025-02-19,2026-02-13,20260226
SA2602.ZCE,SA602,CZCE,纯碱2602,SA,,吨,20.0,人民币元/吨,1人民币元/吨,202602,2025-02-19,2026-02-13,20260226
SF2602.ZCE,SF602,CZCE,硅铁2602,SF,,吨,5.0,人民币元/吨,2人民币元/吨,202602,2025-02-19,2026-02-13,20260226
SH2602.ZCE,SH602,CZCE,烧碱2602,SH,,吨,30.0,人民币元/吨,1人民币元/吨,202602,2025-02-19,2026-02-13,20260226
SM2602.ZCE,SM602,CZCE,锰硅2602,SM,,吨,5.0,人民币元/吨,2人民币元/吨,202602,2025-02-19,2026-02-13,20260226
TA2602.ZCE,TA602,CZCE,PTA2602,TA,,吨,5.0,人民币元/吨,2人民币元/吨,202602,2025-02-19,2026-02-13,20260226
UR2602.ZCE,UR602,CZCE,尿素2602,UR,,吨,20.0,人民币元/吨,1人民币元/吨,202602,2025-02-19,2026-02-13,20260226
LU2606.INE,LU2606,INE,低硫燃料油2606,LU,,吨,10.0,人民币元/吨,1人民币元/吨,202606,2025-06-03,2026-05-29,20260605
PL2602.ZCE,PL602,CZCE,丙烯2602,PL,,吨,20.0,人民币元/吨,1人民币元/吨,202602,2025-07-22,2026-02-13,20260226
PL2603.ZCE,PL603,CZCE,丙烯2603,PL,,吨,20.0,人民币元/吨,1人民币元/吨,202603,2025-07-22,2026-03-13,20260318
PL2604.ZCE,PL604,CZCE,丙烯2604,PL,,吨,20.0,人民币元/吨,1人民币元/吨,202604,2025-07-22,2026-04-15,20260420
PL2605.ZCE,PL605,CZCE,丙烯2605,PL,,吨,20.0,人民币元/吨,1人民币元/吨,202605,2025-07-22,2026-05-19,20260522
PL2606.ZCE,PL606,CZCE,丙烯2606,PL,,吨,20.0,人民币元/吨,1人民币元/吨,202606,2025-07-22,2026-06-12,20260617
PL2607.ZCE,PL607,CZCE,丙烯2607,PL,,吨,20.0,人民币元/吨,1人民币元/吨,202607,2025-07-22,2026-07-14,20260717
LC2610.GFE,LC2610,GFEX,碳酸锂2610,LC,,吨,1.0,人民币元/吨,20人民币元/吨,202610,2025-10-23,2026-10-21,20261026
BZ2604.DCE,BZ2604,DCE,纯苯2604,BZ,,吨,30.0,人民币元/吨,1人民币元/吨,202604,2025-07-08,2026-04-27,20260430
AD2606.SHF,AD2606,SHFE,铸造铝合金2606,AD,,吨,10.0,人民币元/吨,5人民币元/吨,202606,2025-06-17,2026-06-15,20260617
NI2605.SHF,NI2605,SHFE,沪镍2605,NI,,吨,1.0,人民币元/吨,10人民币元/吨,202605,2025-05-16,2026-05-15,20260519
AD2607.SHF,AD2607,SHFE,铸造铝合金2607,AD,,吨,10.0,人民币元/吨,5人民币元/吨,202607,2025-07-16,2026-07-15,20260717
SC2604.INE,SC2604,INE,原油2604,SC,,桶,1000.0,人民币元/桶,0.1人民币元/桶,202604,2025-04-01,2026-03-31,20260408
HC2610.SHF,HC2610,SHFE,热轧卷板2610,HC,,吨,10.0,人民币元/吨,1人民币元/吨,202610,2025-10-16,2026-10-15,20261019
LU2605.INE,LU2605,INE,低硫燃料油2605,LU,,吨,10.0,人民币元/吨,1人民币元/吨,202605,2025-05-06,2026-04-30,20260512
RS2608.ZCE,RS608,CZCE,菜籽2608,RS,,吨,10.0,人民币元/吨,1人民币元/吨,202608,2025-08-15,2026-08-14,20260819
WR2608.SHF,WR2608,SHFE,线材2608,WR,,吨,10.0,人民币元/吨,1人民币元/吨,202608,2025-08-18,2026-08-17,20260819
WR2611.SHF,WR2611,SHFE,线材2611,WR,,吨,10.0,人民币元/吨,1人民币元/吨,202611,2025-11-18,2026-11-16,20261118
PF2608.ZCE,PF608,CZCE,短纤2608,PF,,吨,5.0,人民币元/吨,2人民币元/吨,202608,2025-08-15,2026-08-14,20260819
TA2606.ZCE,TA606,CZCE,PTA2606,TA,,吨,5.0,人民币元/吨,2人民币元/吨,202606,2025-06-17,2026-06-12,20260617
NR2604.INE,NR2604,INE,20号胶2604,NR,,吨,10.0,人民币元/吨,5人民币元/吨,202604,2025-04-16,2026-04-15,20260422
RR2603.DCE,RR2603,DCE,粳米2603,RR,,吨,10.0,人民币元/吨,1人民币元/吨,202603,2025-03-17,2026-03-13,20260318
RS2609.ZCE,RS609,CZCE,菜籽2609,RS,,吨,10.0,人民币元/吨,1人民币元/吨,202609,2025-09-15,2026-09-14,20260917
ZC2607.ZCE,ZC607,CZCE,动力煤2607,ZC,,吨,100.0,人民币元/吨,0.2人民币元/吨,202607,2025-07-08,2026-07-07,20260710
P2605.DCE,P2605,DCE,棕榈油2605,P,,吨,10.0,人民币元/吨,2人民币元/吨,202605,2025-05-20,2026-05-19,20260522
IH2603.CFX,IH2603,CFFEX,IH2603,IH,300.0,张,1.0,指数点,0.2指数点,202603,2025-07-21,2026-03-20,20260320
HC2602.SHF,HC2602,SHFE,热轧卷板2602,HC,,吨,10.0,人民币元/吨,1人民币元/吨,202602,2025-02-18,2026-02-24,20260226
PL2611.ZCE,PL611,CZCE,丙烯2611,PL,,吨,20.0,人民币元/吨,1人民币元/吨,202611,2025-11-17,2026-11-13,20261118
BU2609.SHF,BU2609,SHFE,沥青2609,BU,,吨,10.0,人民币元/吨,1人民币元/吨,202609,2024-09-19,2026-09-15,20260917
SI2610.GFE,SI2610,GFEX,工业硅2610,SI,,吨,5.0,人民币元/吨,5人民币元/吨,202610,2025-10-23,2026-10-21,20261026
PL2612.ZCE,PL612,CZCE,丙烯2612,PL,,吨,20.0,人民币元/吨,1人民币元/吨,202612,2025-12-15,2026-12-14,20261217
SP2608.SHF,SP2608,SHFE,纸浆2608,SP,,吨,10.0,人民币元/吨,2人民币元/吨,202608,2025-08-18,2026-08-17,20260819
BZ2605.DCE,BZ2605,DCE,纯苯2605,BZ,,吨,30.0,人民币元/吨,1人民币元/吨,202605,2025-07-08,2026-05-26,20260529
BZ2606.DCE,BZ2606,DCE,纯苯2606,BZ,,吨,30.0,人民币元/吨,1人民币元/吨,202606,2025-07-08,2026-06-25,20260630
ZC2602.ZCE,ZC602,CZCE,动力煤2602,ZC,,吨,100.0,人民币元/吨,0.2人民币元/吨,202602,2025-02-12,2026-02-06,20260211
AU2608.SHF,AU2608,SHFE,沪金2608,AU,,克,1000.0,人民币元/克,0.02人民币元/克,202608,2025-07-16,2026-08-17,20260818
SP2605.SHF,SP2605,SHFE,纸浆2605,SP,,吨,10.0,人民币元/吨,2人民币元/吨,202605,2025-05-16,2026-05-15,20260519
PG2605.DCE,PG2605,DCE,LPG2605,PG,,吨,20.0,人民币元/吨,1人民币元/吨,202605,2025-05-28,2026-05-26,20260529
OP2602.SHF,OP2602,SHFE,双胶纸2602,OP,,吨,40.0,人民币元/吨,2人民币元/吨,202602,2025-09-10,2026-02-24,20260226
OP2603.SHF,OP2603,SHFE,双胶纸2603,OP,,吨,40.0,人民币元/吨,2人民币元/吨,202603,2025-09-10,2026-03-16,20260318
OP2604.SHF,OP2604,SHFE,双胶纸2604,OP,,吨,40.0,人民币元/吨,2人民币元/吨,202604,2025-09-10,2026-04-15,20260417
OP2605.SHF,OP2605,SHFE,双胶纸2605,OP,,吨,40.0,人民币元/吨,2人民币元/吨,202605,2025-09-10,2026-05-15,20260519
OP2606.SHF,OP2606,SHFE,双胶纸2606,OP,,吨,40.0,人民币元/吨,2人民币元/吨,202606,2025-09-10,2026-06-15,20260617
OP2607.SHF,OP2607,SHFE,双胶纸2607,OP,,吨,40.0,人民币元/吨,2人民币元/吨,202607,2025-09-10,2026-07-15,20260717
OP2608.SHF,OP2608,SHFE,双胶纸2608,OP,,吨,40.0,人民币元/吨,2人民币元/吨,202608,2025-09-10,2026-08-17,20260819
SP2602.SHF,SP2602,SHFE,纸浆2602,SP,,吨,10.0,人民币元/吨,2人民币元/吨,202602,2025-02-18,2026-02-24,20260226
SN2606.SHF,SN2606,SHFE,沪锡2606,SN,,吨,1.0,人民币元/吨,10人民币元/吨,202606,2025-06-17,2026-06-15,20260617
BB2607.DCE,BB2607,DCE,胶合板2607,BB,,张,500.0,人民币元/张,0.05人民币元/张,202607,2025-07-15,2026-07-14,20260717
P2607.DCE,P2607,DCE,棕榈油2607,P,,吨,10.0,人民币元/吨,2人民币元/吨,202607,2025-07-15,2026-07-14,20260717
RB2608.SHF,RB2608,SHFE,螺纹钢2608,RB,,吨,10.0,人民币元/吨,1人民币元/吨,202608,2025-08-18,2026-08-17,20260819
BC2611.INE,BC2611,INE,国际铜2611,BC,,吨,5.0,人民币元/吨,10人民币元/吨,202611,2025-11-18,2026-11-16,20261123
PR2608.ZCE,PR608,CZCE,瓶片2608,PR,,吨,15.0,人民币元/吨,2人民币元/吨,202608,2025-08-15,2026-08-14,20260819
PP2603.DCE,PP2603,DCE,聚丙烯2603,PP,,吨,5.0,人民币元/吨,1人民币元/吨,202603,2025-03-17,2026-03-13,20260318
RU2605.SHF,RU2605,SHFE,橡胶2605,RU,,吨,10.0,人民币元/吨,5人民币元/吨,202605,2025-05-16,2026-05-15,20260519
PG2607.DCE,PG2607,DCE,LPG2607,PG,,吨,20.0,人民币元/吨,1人民币元/吨,202607,2025-07-29,2026-07-28,20260731
PP2605.DCE,PP2605,DCE,聚丙烯2605,PP,,吨,5.0,人民币元/吨,1人民币元/吨,202605,2025-05-20,2026-05-19,20260522
OP2610.SHF,OP2610,SHFE,双胶纸2610,OP,,吨,40.0,人民币元/吨,2人民币元/吨,202610,2025-10-16,2026-10-15,20261019
JD2604.DCE,JD2604,DCE,鸡蛋2604,JD,,吨,5.0,人民币元/500千克,1人民币元/500千克,202604,2025-04-28,2026-04-27,20260430
CF2701.ZCE,CF701,CZCE,郑棉2701,CF,,吨,5.0,人民币元/吨,5人民币元/吨,202701,2026-01-19,2027-01-14,20270119
BC2608.INE,BC2608,INE,国际铜2608,BC,,吨,5.0,人民币元/吨,10人民币元/吨,202608,2025-08-18,2026-08-17,20260824
M2607.DCE,M2607,DCE,豆粕2607,M,,吨,10.0,人民币元/吨,1人民币元/吨,202607,2025-07-15,2026-07-14,20260717
IC2609.CFX,IC2609,CFFEX,IC2609,IC,200.0,张,1.0,指数点,0.2指数点,202609,2026-01-19,2026-09-18,20260918
HC2612.SHF,HC2612,SHFE,热轧卷板2612,HC,,吨,10.0,人民币元/吨,1人民币元/吨,202612,2025-12-16,2026-12-15,20261217
LU2602.INE,LU2602,INE,低硫燃料油2602,LU,,吨,10.0,人民币元/吨,1人民币元/吨,202602,2025-02-05,2026-01-30,20260206
P2606.DCE,P2606,DCE,棕榈油2606,P,,吨,10.0,人民币元/吨,2人民币元/吨,202606,2025-06-17,2026-06-12,20260617
EB2612.DCE,EB2612,DCE,苯乙烯2612,EB,,吨,5.0,人民币元/吨,1人民币元/吨,202612,2025-12-29,2026-12-28,20261231
ZC2611.ZCE,ZC611,CZCE,动力煤2611,ZC,,吨,100.0,人民币元/吨,0.2人民币元/吨,202611,2025-11-10,2026-11-06,20261111
HC2604.SHF,HC2604,SHFE,热轧卷板2604,HC,,吨,10.0,人民币元/吨,1人民币元/吨,202604,2025-04-16,2026-04-15,20260417
RM2701.ZCE,RM701,CZCE,菜粕2701,RM,,吨,10.0,人民币元/吨,1人民币元/吨,202701,2026-01-19,2027-01-14,20270119
SCTAS2605.INE,SC2605TAS,INE,原油2605TAS,SCTAS,,桶,1000.0,人民币元/桶,0.1人民币元/桶,202605,2026-01-05,2026-04-20,
TL2609.CFX,TL2609,CFFEX,TL2609,TL,10000.0,张,1.0,人民币元,0.01人民币元,202609,2025-12-15,2026-09-11,20260916
JM2605.DCE,JM2605,DCE,焦煤2605,JM,,吨,60.0,人民币元/吨,0.5人民币元/吨,202605,2025-05-20,2026-05-19,20260522
SN2602.SHF,SN2602,SHFE,沪锡2602,SN,,吨,1.0,人民币元/吨,10人民币元/吨,202602,2025-02-18,2026-02-24,20260226
RU2701.SHF,RU2701,SHFE,橡胶2701,RU,,吨,10.0,人民币元/吨,5人民币元/吨,202701,2026-01-16,2027-01-15,20270119
SN2610.SHF,SN2610,SHFE,沪锡2610,SN,,吨,1.0,人民币元/吨,10人民币元/吨,202610,2025-10-16,2026-10-15,20261019
SI2609.GFE,SI2609,GFEX,工业硅2609,SI,,吨,5.0,人民币元/吨,5人民币元/吨,202609,2025-09-15,2026-09-14,20260917
SC2610.INE,SC2610,INE,原油2610,SC,,桶,1000.0,人民币元/桶,0.1人民币元/桶,202610,2025-10-09,2026-09-30,20261014
PS2607.GFE,PS2607,GFEX,多晶硅2607,PS,,吨,3.0,人民币元/吨,5人民币元/吨,202607,2025-07-15,2026-07-14,20260717
JD2603.DCE,JD2603,DCE,鸡蛋2603,JD,,吨,5.0,人民币元/500千克,1人民币元/500千克,202603,2025-03-27,2026-03-26,20260331
PL2609.ZCE,PL609,CZCE,丙烯2609,PL,,吨,20.0,人民币元/吨,1人民币元/吨,202609,2025-09-15,2026-09-14,20260917
LH2607.DCE,LH2607,DCE,生猪2607,LH,,吨,16.0,人民币元/吨,5人民币元/吨,202607,2025-07-29,2026-07-28,20260731
JM2607.DCE,JM2607,DCE,焦煤2607,JM,,吨,60.0,人民币元/吨,0.5人民币元/吨,202607,2025-07-15,2026-07-14,20260717
WR2610.SHF,WR2610,SHFE,线材2610,WR,,吨,10.0,人民币元/吨,1人民币元/吨,202610,2025-10-16,2026-10-15,20261019
WR2609.SHF,WR2609,SHFE,线材2609,WR,,吨,10.0,人民币元/吨,1人民币元/吨,202609,2025-09-16,2026-09-15,20260917
J2607.DCE,J2607,DCE,焦炭2607,J,,吨,100.0,人民币元/吨,0.5人民币元/吨,202607,2025-07-15,2026-07-14,20260717
NI2607.SHF,NI2607,SHFE,沪镍2607,NI,,吨,1.0,人民币元/吨,10人民币元/吨,202607,2025-07-16,2026-07-15,20260717
CS2605.DCE,CS2605,DCE,玉米淀粉2605,CS,,吨,10.0,人民币元/吨,1人民币元/吨,202605,2025-05-20,2026-05-19,20260522
LH2605.DCE,LH2605,DCE,生猪2605,LH,,吨,16.0,人民币元/吨,5人民币元/吨,202605,2025-05-28,2026-05-26,20260529
WR2605.SHF,WR2605,SHFE,线材2605,WR,,吨,10.0,人民币元/吨,1人民币元/吨,202605,2025-05-16,2026-05-15,20260519
Y2607.DCE,Y2607,DCE,豆油2607,Y,,吨,10.0,人民币元/吨,2人民币元/吨,202607,2025-07-15,2026-07-14,20260717
ZC2608.ZCE,ZC608,CZCE,动力煤2608,ZC,,吨,100.0,人民币元/吨,0.2人民币元/吨,202608,2025-08-08,2026-08-07,20260812
LC2701.GFE,LC2701,GFEX,碳酸锂2701,LC,,吨,1.0,人民币元/吨,20人民币元/吨,202701,2026-01-19,2027-01-15,20270120
PG2602.DCE,PG2602,DCE,LPG2602,PG,,吨,20.0,人民币元/吨,1人民币元/吨,202602,2025-02-26,2026-02-24,20260227
MA2612.ZCE,MA612,CZCE,甲醇2612,MA,,吨,10.0,人民币元/吨,1人民币元/吨,202612,2025-12-15,2026-12-14,20261217
CY2608.ZCE,CY608,CZCE,棉纱2608,CY,,吨,5.0,人民币元/吨,5人民币元/吨,202608,2025-08-15,2026-08-14,20260819
B2604.DCE,B2604,DCE,豆二2604,B,,吨,10.0,人民币元/吨,1人民币元/吨,202604,2025-04-16,2026-04-15,20260420
CJ2612.ZCE,CJ612,CZCE,红枣2612,CJ,,吨,5.0,人民币元/吨,5人民币元/吨,202612,2025-12-15,2026-12-14,20261217
BR2605.SHF,BR2605,SHFE,丁二烯橡胶2605,BR,,吨,5.0,人民币元/吨,5人民币元/吨,202605,2025-05-16,2026-05-15,20260519
PR2609.ZCE,PR609,CZCE,瓶片2609,PR,,吨,15.0,人民币元/吨,2人民币元/吨,202609,2025-09-15,2026-09-14,20260917
WR2612.SHF,WR2612,SHFE,线材2612,WR,,吨,10.0,人民币元/吨,1人民币元/吨,202612,2025-12-16,2026-12-15,20261217
M2701.DCE,M2701,DCE,豆粕2701,M,,吨,10.0,人民币元/吨,1人民币元/吨,202701,2026-01-19,2027-01-15,20270120
UR2607.ZCE,UR607,CZCE,尿素2607,UR,,吨,20.0,人民币元/吨,1人民币元/吨,202607,2025-07-15,2026-07-14,20260717
SS2604.SHF,SS2604,SHFE,不锈钢2604,SS,,吨,5.0,人民币元/吨,5人民币元/吨,202604,2025-04-16,2026-04-15,20260417
PF2612.ZCE,PF612,CZCE,短纤2612,PF,,吨,5.0,人民币元/吨,2人民币元/吨,202612,2025-12-15,2026-12-14,20261217
FG2701.ZCE,FG701,CZCE,玻璃2701,FG,,吨,20.0,人民币元/吨,1人民币元/吨,202701,2026-01-19,2027-01-14,20270119
HC2608.SHF,HC2608,SHFE,热轧卷板2608,HC,,吨,10.0,人民币元/吨,1人民币元/吨,202608,2025-08-18,2026-08-17,20260819
PB2608.SHF,PB2608,SHFE,沪铅2608,PB,,吨,5.0,人民币元/吨,5人民币元/吨,202608,2025-08-18,2026-08-17,20260819
OI2609.ZCE,OI609,CZCE,菜油2609,OI,,吨,10.0,人民币元/吨,1人民币元/吨,202609,2025-09-15,2026-09-14,20260917
RB2609.SHF,RB2609,SHFE,螺纹钢2609,RB,,吨,10.0,人民币元/吨,1人民币元/吨,202609,2025-09-16,2026-09-15,20260917
PS2609.GFE,PS2609,GFEX,多晶硅2609,PS,,吨,3.0,人民币元/吨,5人民币元/吨,202609,2025-09-15,2026-09-14,20260917
SP2610.SHF,SP2610,SHFE,纸浆2610,SP,,吨,10.0,人民币元/吨,2人民币元/吨,202610,2025-10-16,2026-10-15,20261019
PS2606.GFE,PS2606,GFEX,多晶硅2606,PS,,吨,3.0,人民币元/吨,5人民币元/吨,202606,2025-06-17,2026-06-12,20260617
L2606F.DCE,L2606F,DCE,塑料月均价2606F,L_F,,吨,5.0,人民币元/吨,1人民币元/吨,202606,2025-12-01,2026-05-29,20260529
PP2606F.DCE,PP2606F,DCE,聚丙烯月均价2606F,PP_F,,吨,5.0,人民币元/吨,1人民币元/吨,202606,2025-12-01,2026-05-29,20260529
V2606F.DCE,V2606F,DCE,PVC月均价2606F,V_F,,吨,5.0,人民币元/吨,1人民币元/吨,202606,2025-12-01,2026-05-29,20260529
MA2607.ZCE,MA607,CZCE,甲醇2607,MA,,吨,10.0,人民币元/吨,1人民币元/吨,202607,2025-07-15,2026-07-14,20260717
V2608.DCE,V2608,DCE,PVC2608,V,,吨,5.0,人民币元/吨,1人民币元/吨,202608,2025-08-15,2026-08-14,20260819
SS2612.SHF,SS2612,SHFE,不锈钢2612,SS,,吨,5.0,人民币元/吨,5人民币元/吨,202612,2025-12-16,2026-12-15,20261217
AO2606.SHF,AO2606,SHFE,氧化铝2606,AO,,吨,20.0,人民币元/吨,1人民币元/吨,202606,2025-06-17,2026-06-15,20260617
RR2606.DCE,RR2606,DCE,粳米2606,RR,,吨,10.0,人民币元/吨,1人民币元/吨,202606,2025-06-17,2026-06-12,20260617
RR2701.DCE,RR2701,DCE,粳米2701,RR,,吨,10.0,人民币元/吨,1人民币元/吨,202701,2026-01-19,2027-01-15,20270120
OP2612.SHF,OP2612,SHFE,双胶纸2612,OP,,吨,40.0,人民币元/吨,2人民币元/吨,202612,2025-12-16,2026-12-15,20261217
SH2608.ZCE,SH608,CZCE,烧碱2608,SH,,吨,30.0,人民币元/吨,1人民币元/吨,202608,2025-08-15,2026-08-14,20260819
PB2609.SHF,PB2609,SHFE,沪铅2609,PB,,吨,5.0,人民币元/吨,5人民币元/吨,202609,2025-09-16,2026-09-15,20260917
AO2604.SHF,AO2604,SHFE,氧化铝2604,AO,,吨,20.0,人民币元/吨,1人民币元/吨,202604,2025-04-16,2026-04-15,20260417
WR2603.SHF,WR2603,SHFE,线材2603,WR,,吨,10.0,人民币元/吨,1人民币元/吨,202603,2025-03-18,2026-03-16,20260318
SM2609.ZCE,SM609,CZCE,锰硅2609,SM,,吨,5.0,人民币元/吨,2人民币元/吨,202609,2025-09-15,2026-09-14,20260917
AG2610.SHF,AG2610,SHFE,沪银2610,AG,,千克,15.0,人民币元/千克,1人民币元/千克,202610,2025-10-16,2026-10-15,20261019
EG2603.DCE,EG2603,DCE,乙二醇2603,EG,,吨,10.0,人民币元/吨,1人民币元/吨,202603,2025-03-27,2026-03-26,20260331
PP2604.DCE,PP2604,DCE,聚丙烯2604,PP,,吨,5.0,人民币元/吨,1人民币元/吨,202604,2025-04-16,2026-04-15,20260420
PB2612.SHF,PB2612,SHFE,沪铅2612,PB,,吨,5.0,人民币元/吨,5人民币元/吨,202612,2025-12-16,2026-12-15,20261217
BU2703.SHF,BU2703,SHFE,沥青2703,BU,,吨,10.0,人民币元/吨,1人民币元/吨,202703,2025-03-18,2027-03-15,20270317
CY2610.ZCE,CY610,CZCE,棉纱2610,CY,,吨,5.0,人民币元/吨,5人民币元/吨,202610,2025-10-23,2026-10-21,20261026
PM2609.ZCE,PM609,CZCE,普麦2609,PM,,吨,50.0,人民币元/吨,1人民币元/吨,202609,2025-09-15,2026-09-14,20260917
UR2612.ZCE,UR612,CZCE,尿素2612,UR,,吨,20.0,人民币元/吨,1人民币元/吨,202612,2025-12-15,2026-12-14,20261217
IC2603.CFX,IC2603,CFFEX,IC2603,IC,200.0,张,1.0,指数点,0.2指数点,202603,2025-07-21,2026-03-20,20260320
BC2602.INE,BC2602,INE,国际铜2602,BC,,吨,5.0,人民币元/吨,10人民币元/吨,202602,2025-02-18,2026-02-24,20260303
RB2607.SHF,RB2607,SHFE,螺纹钢2607,RB,,吨,10.0,人民币元/吨,1人民币元/吨,202607,2025-07-16,2026-07-15,20260717
RS2607.ZCE,RS607,CZCE,菜籽2607,RS,,吨,10.0,人民币元/吨,1人民币元/吨,202607,2025-07-15,2026-07-14,20260717
PS2602.GFE,PS2602,GFEX,多晶硅2602,PS,,吨,3.0,人民币元/吨,5人民币元/吨,202602,2025-02-19,2026-02-13,20260226
PB2606.SHF,PB2606,SHFE,沪铅2606,PB,,吨,5.0,人民币元/吨,5人民币元/吨,202606,2025-06-17,2026-06-15,20260617
WR2606.SHF,WR2606,SHFE,线材2606,WR,,吨,10.0,人民币元/吨,1人民币元/吨,202606,2025-06-17,2026-06-15,20260617
NR2603.INE,NR2603,INE,20号胶2603,NR,,吨,10.0,人民币元/吨,5人民币元/吨,202603,2025-03-18,2026-03-16,20260323
AO2608.SHF,AO2608,SHFE,氧化铝2608,AO,,吨,20.0,人民币元/吨,1人民币元/吨,202608,2025-08-18,2026-08-17,20260819
TA2610.ZCE,TA610,CZCE,PTA2610,TA,,吨,5.0,人民币元/吨,2人民币元/吨,202610,2025-10-23,2026-10-21,20261026
AG2604.SHF,AG2604,SHFE,沪银2604,AG,,千克,15.0,人民币元/千克,1人民币元/千克,202604,2025-04-16,2026-04-15,20260417
BC2612.INE,BC2612,INE,国际铜2612,BC,,吨,5.0,人民币元/吨,10人民币元/吨,202612,2025-12-16,2026-12-15,20261222
